0	1	2	3	4	5	6	7	8	9	10	11	12	13	14	15	16	17	18	19	20	21	22	23	24	25	26	27	28	29	30	31	32	33	34	35	36	37	38	39	40	41	42	43	44	45	46	47	48	49	50	51	52	53	54	55	56	57	58	59	60	61	62	63	64	65	66	67	68	69	70	71	72	73	74	75	76	77	78	79	80	81	82	83	84	85	86	87	88	89	90	91	92	93	94	95	96	97	98	99	100	101	102	103	104	105	106	107	108	109	110	111	112	113	114	115	116	117	118	119	120	121	122	123	124	125	126	127	128	129	130	131	132	133	134	135	136	137	138	139	140	141	142	143	144	145	146	147	148	149	150	151	152	153	154	155	156	157	158	159	160	161	162	163	164	165	166	167	168	169	170	171	172	173	174	175	176	177	178	179	180	181	182	183	184	185	186	187	188	189	190	191	192	193	194	195	196	197	198	199	200	201	202	203	204	205	206	207	208	209	210	211	212	213	214	215	216	217	218	219	220	221	222	223	224	225	226	227	228	229	230	231	232	233	234	235	236	237	238	239	240	241	242	243	244	245	246	247	248	249	250	251	252	253	254	255	256
AU565_BREAST	0	0.7562609	0	0	0	0	3.0386472	0	0	0	0	4.056434	0.57606745	0	0	3.544124	0	0	1.70753	0.91353106	3.3233192	3.2057986	1.0556506	0	0	0.98798364	0	0	2.1056478	3.3260698	4.4509306	0	4.988614	0	0	0.3220819	3.4010644	4.7418413	0	0	0	0	0	0	0	0	0	0.3278036	0	0	2.6332474	0	4.9715633	1.0356097	0	0	0	0	0	6.1756287	0	2.6565993	0.4954654	1.7231196	0	0.62231946	2.1922684	0	0	5.0415754	0	0	0	0	3.514637	0.73254126	0	0.57465017	0.2597601	2.8203876	0	1.9672297	0	1.5316718	4.080076	0	2.673029	0	0	0	1.8490353	1.4063067	0	0.905958	0.056770086	0	1.7709064	0	1.1180941	0	2.8352113	0	0	0	0	0	0	1.423628	0	1.9874272	0	0	1.29087	0	0.600631	2.872967	0	0.008973599	0	0	0	0	0	3.7898216	0	0.85320336	0	1.9889325	3.857583	0.5297692	0.8604713	0.64035076	5.4077816	0	0	0.83160126	1.1952722	0.04142773	3.3786805	3.7221565	0	1.6690061	0.22052789	0.6621568	0	2.3411613	1.0149257	1.841209	0.7379055	2.3070235	0	0	0	0	0.6107975	1.2982001	0.9219541	0	0.22130631	0	3.086461	0.95853317	1.6168629	0.75133896	0	4.3433323	0	1.8885298	0.2109437	0	0	0	2.2847948	1.1805972	3.1784043	4.679163	2.6110413	4.915764	0.9115226	0.46122175	0	4.8060975	0	0	1.9743881	2.8232913	0.9510054	2.5104508	4.1717763	0.17585051	0	0	0	1.6957419	0.14191073	0	0.24235165	5.4358654	3.4774232	0.17636555	3.5067074	0	0.9262625	0.45580396	0	0.40204096	0	0	0	2.3854327	0.9925475	0	0	0	0	3.9297786	0.31952974	0	1.9721141	2.5286632	0	3.1841996	3.0062506	0	0.09440386	0	0.11508159	0	0	4.0043297	2.5548103	0	0	0	0.45622694	0	3.5478487	0	5.393759	0	2.3563132	0.41152197	0	0.6052663	0	4.8875775	0.06795728	1.240888	2.0120106	2.0005991	0	2.2867439	2.4728398	0	5.1241016	0
BT20_BREAST	0	0	0	0	1.2526351	1.649862	3.1154227	0.19154114	0.544868	0	1.8499421	0.42291182	2.463182	1.5945323	1.2186303	2.5595844	0.26313782	0	0	0	4.860809	0	0	0	0.17842096	3.1478791	1.480683	0.5511241	0	0	0	0	1.4893873	1.0181687	0.47143137	0	1.1193315	0	0	0	3.9766083	0	0	0.5078696	1.0394579	0	0	1.3159715	0.6418724	1.8458127	0.40911418	0.93104637	0	1.0085652	1.3732557	3.417641	1.0654509	0.11201918	0	4.320402	0	1.2729475	0.32422417	1.0227771	0	0	1.5840062	2.4526253	0	0.90624225	0.46120024	0	0.7017671	0	0	1.6527511	0.26827157	0	0	4.0239563	0	3.3718297	0	2.4125695	0.7294556	5.6627407	0	5.8959026	0	0.6441386	0	0.7107931	0	0	1.2163953	0	0	1.4082674	0	0.28411922	0	0	3.0318446	0	0.336517	2.5755997	0	0	0	3.0781496	3.7549605	0.7100575	0.9664969	0	4.1875896	1.3762392	0	1.5407214	0	0.49841863	1.1836134	0	0	0	0.29746556	0	0	0	4.550167	3.5888925	0	1.3336513	2.5203376	0	0	3.0982018	0	0	0.12275921	2.248063	0	2.638701	0	0	0	0.7175724	0.562535	0.8083551	1.75848	1.7041278	0.53197813	0.46972835	2.3836756	1.0437928	3.093083	0	1.506865	0.6327167	1.5958743	1.2096694	0.33138335	3.1537309	0	0.7567117	2.0752232	2.7952812	0	3.302284	1.8483882	0	0	5.482887	0.5615425	0	0	3.2908843	0.7193951	0	0.28542042	1.661263	4.641015	0.5388445	0	0	0.039175928	4.6539636	1.5415888	4.0961475	0.023258418	0.11658925	2.463091	0	0.45293975	3.3963678	0	0	1.2414001	1.1736124	0.9148029	0	1.3354894	1.5662819	0	0	0.40977824	0	0	0	0	0.9430809	2.7982118	0	0	0.9426628	0.0941588	1.4238856	1.0971162	0	0.12576121	0.33240628	0	1.5869634	4.623671	2.076398	0.85664415	0	2.2843132	0.9874977	2.278892	0	0.49250412	2.9289005	0	0	0.19389066	0	1.9889693	0	0	0	0	2.072881	0.52327967	0	1.4284712	4.340528	0	2.7997282	0.3050096	0.79290235	0	0	4.346713	0.5014627	0	0
BT474_BREAST	0	2.8268125	0	0	2.5775414	0.9647621	0	1.2553749	1.8560684	0	0	2.3957648	0.33381546	1.8452542	5.4574027	0	0	0	0	0	4.9998975	1.8498641	0	0	1.0148573	0.8275481	0.5464643	1.90551	0	1.3178786	0	0.13744426	3.2172923	0	0.5313891	0	0	0	0	0	4.1129313	2.8585236	0.014235362	0.8043639	0	0	0	0.18349075	0	0	3.2024353	0	4.7530107	0.9403211	0	0	1.1817214	0	0	0.17951512	0	2.8416672	0	0	0.94528174	2.3886194	2.7410717	0.90956885	0.87974536	3.4161165	0	0.9893315	0	0.3968989	2.3247845	3.3884196	0	0.4733497	0	0	3.652327	2.1964462	0	0	0	0.56526786	3.213881	0	0	1.1700948	0	0	0	1.2308831	0.55264306	0	0.37529898	0.45311916	0.06695795	0	1.083479	1.7780657	0.9274166	0	0	4.7869606	0.29165703	1.6422755	0	1.5448673	0.93741715	0	0.46835887	0	0.061608	2.2726412	3.586441	0.7928393	0	2.6172273	2.673807	2.2124164	0.34629822	4.231348	0	3.5379364	2.3047667	1.5934901	0.11853284	3.294755	0	5.206286	3.7164268	0.47501773	0	1.6649066	0	2.3812618	5.6414146	5.9552274	0	3.369144	0	1.3921355	0.2151987	0	0	1.3503345	1.3505504	0	0.17832053	0.61567	0	0	0.8190737	1.5874264	0	1.7038329	3.1006687	0	4.856516	0.032238543	0	0.001311541	0.9395608	1.8354816	0	0.43016386	0	0.16855764	0	1.3604846	2.032454	2.5744095	3.067663	3.3027713	0	2.1346521	2.7962081	2.2366538	0	0	2.8905919	1.9330468	5.413489	0	0	3.2078662	4.106788	0	0.6644362	0	0	0	4.445117	2.125036	0	4.3001804	2.3103466	1.6772983	1.3046807	1.9821199	0	0.02784434	0	0	0	3.380327	0	0.722602	0.07374096	0	0	0.5093988	0	1.6900244	0	0.03276798	0.8246077	1.5480398	0	3.4245143	3.8320928	0	0.19973946	0.63243973	0	0	1.2718122	0	4.4484625	0	0	3.5462036	1.075897	0.9912523	0	0.9665128	3.516697	1.1242043	0	0	1.5339227	0	0.14022112	5.708635	0	0.18935204	2.3198853	1.6808565	0.2387693	0	2.4216263	0	0	0
BT483_BREAST	0.2737391	2.6150274	0	0	0	3.027029	0	2.6570399	6.8969707	0	4.028049	0	0	1.3497736	3.5150177	0.8043187	1.6085742	0.38213181	0	0	1.7157671	1.111576	0.041455984	1.3309829	0.74884236	0	2.8490722	3.2315807	0.43128437	0	0	0	0.17539513	2.4623756	6.652938	0	0.28359294	0	0	3.2677002	3.6031218	1.3026602	1.834764	2.0178044	0.527861	0	0	0	1.7510073	2.6900167	0	0	1.7763308	2.1086805	0	0	3.4255927	0.9067795	0.4656384	0	0	6.1013856	0	0	0	3.6088202	4.339858	0	3.3452802	0	1.2782022	5.209083	1.7136128	3.8695912	0	2.6929479	0.04134655	0	0	0	0	5.29033	0.3590289	0.80304766	0	0	6.9067364	4.3807	0	1.0160705	0	0	0	4.6605577	2.3153825	4.1685596	0	3.4685729	0.080166936	1.9559423	1.2418488	0	1.8925838	2.8541534	5.1242747	3.4351923	1.3498363	0	2.5927274	2.4631517	2.9058137	0.81686616	1.1481924	0	3.225514	3.2010074	1.0880815	4.509818	2.0613363	0	3.622526	4.876274	1.851946	0	0	1.7933452	2.8684163	0	0	0.66572034	0	0	0	2.973196	0	4.4494977	0	1.770948	3.5041811	5.6314807	3.654735	0	1.6541924	0	1.0780927	0.9683723	0	3.9710178	0.5567851	0	0	3.2872694	0	0.46050835	3.5668926	3.3832219	0	0	2.5502477	5.297508	0.60829127	0.10372788	0	1.5344461	3.2707908	0	1.2735317	0.92677915	0.19070005	0	0	4.437422	1.7902327	0	4.0422034	0.04837942	2.9018176	3.775551	3.8157477	2.0914516	7.2472315	0.5563298	0.83429366	4.590987	0.9102246	3.073978	0	1.2036501	0	0	3.9781723	0.47569907	0	0	2.1339686	4.4542255	0	0	1.9844196	0	0	3.1271548	2.107861	0	2.6592102	0.046124876	0.1328294	2.2077315	0.5573727	2.22801	1.8996043	0.039696574	0	0	0	0	4.757771	0	0	0.92872167	0	0	0	0.28997016	0	0	0.8436155	0	4.7081428	1.6778336	0.74990314	4.9427094	0	0	1.0089304	4.274444	0	0	1.5443203	0	1.1793565	2.3866725	2.4232016	0	1.6180514	0	0	1.6756067	0	4.306894	2.1749911	1.9487302	5.754362	1.426323	0	1.0858905
BT549_BREAST	0.3182647	1.5291364	2.0268097	2.7130542	2.7047687	0	0.14055514	1.22423	0	0.79645145	0	0	2.2741165	0.9065664	0	0	0.6249018	2.332183	0	0	1.9428241	1.1227545	0.55863035	2.3578959	1.3385704	0.8283679	0	0.2645058	0	2.5598788	0	2.3517323	2.2715628	1.7888308	0	2.0417006	0	1.3986869	1.3893191	0	0	2.377207	0.68471843	1.3412753	1.4387496	1.7390232	2.0590608	3.5729785	0	0	0	2.732524	4.8929396	2.1972957	0	0	0	2.5226536	0.9227791	0	2.5589533	0	1.4485799	1.9714297	3.138133	0.33757806	3.9969301	0	0	0.53772855	2.8916783	0	0	0	1.2488151	0.054817457	0.4701653	0.29966092	0	0.5598082	1.4346704	1.596234	0	0	0	2.8244166	0	0	2.637471	0.63418245	0	0	1.5526304	0	1.2730663	0.14675182	0.8030393	0	0	0.21524201	0	4.77819	0.70091397	0	0	0.521523	1.0053837	2.254797	0.9296472	3.3582141	3.1933908	1.9945039	0.012760162	1.2390397	1.6990972	0	4.1557345	0	0.064528465	0	0.9962031	0	0	0.8685986	0	0	1.0118172	0	0	0.5231209	0.001061082	4.494308	0	0	2.3501096	0	2.729804	0.2706139	0	0	0	0	1.5378878	0	0.9638765	3.6886294	0.80157626	0	0	3.345638	2.0631006	0	2.260949	3.1002412	0.13782835	0	1.5679121	2.0411649	0	0	0	2.9524522	2.3293123	0	1.5710549	1.5452307	0	0	0	0.6856437	0.7202741	0	0	0	0	0	0	0	0	0	0	0	5.296793	1.1212655	0	1.8034596	0.5943379	0.29628724	0	2.3664293	0	1.2361469	1.13359	0.4586761	0	0	1.3985598	0.08826226	0	2.012685	1.7218013	0	1.5273653	0.791907	1.8589861	0	0	0	1.0219098	2.5355477	0	0.36665404	2.7052073	2.1026998	2.7248712	0	0	2.1501703	0	0	0.6860052	2.4852452	0.58931965	0.3072672	2.3951507	0.58589387	1.6792712	1.670876	0	0	2.5371063	0.36640996	1.5831182	4.0468974	0	0.7565423	2.237564	2.1134877	0.3442747	2.2618048	1.5271788	0	0	2.1423428	2.0790105	0	0	0.7695167	0.18478921	0	0	0	3.663272	0.09014034	0	0.21204484
CAL120_BREAST	0	0.011950135	1.666543	1.7875683	3.8296318	0	0.9934714	0	0	0	0	0	1.3943906	0.6751267	4.56254	0	0.03767564	0.35426033	0	1.9447131	0.6264082	0.60704017	3.9991753	2.171706	2.9321613	2.6390777	0	0	0	1.2549112	0.07954067	1.7302363	0.0991081	0	0	0.33962935	1.6396589	2.271471	0.9965682	0	0	0	0.49518877	4.5577126	0.5200653	2.5914507	1.0413836	2.934898	0.59801126	0	0	2.186663	4.4616084	0.113263845	1.2571596	0	0.94617206	1.9687246	0	2.782488	3.8012843	0	0.110241115	3.3266325	0.95073897	0	0	3.5066438	0.33692002	0.8472066	1.8771732	0	1.6342984	1.3533779	1.7245924	0	1.087732	0	0	0	0	0	0	0	2.4621983	1.2924799	0	3.9553585	2.444015	0	0	0.07010876	0.60590744	0	2.0923216	1.765943	0.41804063	0	0	0.7972972	0	3.2776961	0	0	0.66700655	0	0	1.0415502	0.10856104	3.5574226	1.4624993	2.7008493	2.1331472	0.32085907	3.0973103	0	2.7878392	0	0	0	1.0415896	0	0	0	2.2734802	0.59740317	0	0	0.29542172	0.9183984	5.0734696	0.58720344	0	0.9238961	1.8303417	0	1.2611904	1.8509558	0	0	0	0.09703615	0.25233367	0	1.9512575	3.0763752	1.5965153	0	0	5.053207	1.82799	0.74451405	2.688387	1.7429749	0.96997404	0	2.15146	3.0201464	0	0	0	2.56706	2.3906536	0	0	0	0	1.402999	0.48659998	0	0	0	0	0	0	0	0	0	0	0	0	2.6896048	3.4871144	0.083271265	0	2.3456962	0.3672809	0	0	1.820935	0	1.2031813	0.70539224	0.7604586	1.8419113	0	0	0	0	2.7306552	0.62234217	2.276639	5.0756893	0	0.38836503	0	0	0	1.6018844	3.7750587	0	0.17592126	0	2.2828054	0.8924955	0.67089593	0	1.1283185	0	0	0.07530224	0	0.97053033	0	1.8560498	0	2.402732	1.1557679	0	0.5180328	0.9403362	0	1.2576091	0.8549053	0	0.06982088	3.443842	0.788591	0.8515632	1.6598281	1.4455558	0	0.7280465	1.4703474	1.3062817	0	0	0	0.14440703	0	0	0	0.36388683	0.54009104	3.2156742	0
CAL148_BREAST	0.37634844	1.8027614	0	0	2.4666624	0.6884983	0.49788737	1.9303508	5.086329	0	1.6836048	0.04922542	0	0.5886954	2.0287776	3.225538	1.1534066	1.4995677	0	0	3.2899046	3.9376264	0	0	2.059484	0.32252607	0.6778046	4.07769	0.46985114	0.31068105	0	0.66102165	1.2906077	1.3693932	0.68754137	1.1349572	1.1095222	0	0	0	4.154141	3.5150614	0	2.7174373	0.18939662	0.1982876	0.22739121	0.12355256	0	0.07307318	1.9003186	0	2.3465204	0	0	0	0.24966758	0	0	1.4534855	0	1.0258524	0	0	0.66722286	0.892057	0.20775437	1.0195658	1.686068	3.5791917	2.0636098	0.72175777	1.1141391	1.2175593	1.6580882	0	0.63262576	0	0.45753187	0	4.2726917	1.0242646	0	1.292955	0	0.56944305	0	2.9551272	0	3.678369	0.14431524	1.899375	0	2.2433138	0.000933886	0.99654883	0	3.625042	0	0.6617094	0.90007204	0.45794314	0	1.2356687	0	2.9487767	0.5878076	0.8956592	0	0.4655187	2.9129753	0.04278028	0	0	0	1.209777	1.9099572	3.3135064	0.35145122	2.2927818	0	4.713921	1.9696077	1.13287	0	2.220812	0.74793667	0.9860777	0	3.1150022	0.64512825	0.00929299	0.40243608	1.2637821	0	1.1668274	2.4755964	1.9653803	2.6929178	1.445441	3.5012097	0	0	1.6815575	0.81886613	0.3550099	0	0	0.10197461	0	0.5181037	0.8758463	0	0.80444086	3.1746988	0	0	3.9794385	1.7275603	3.525826	1.229249	0	0	0.15070891	2.1765692	2.6108508	0	0.4195521	0.51444227	0	0	0.14337575	1.123941	0	0	1.7958727	0.11973837	1.6871467	3.5704885	0.46643895	1.5549185	2.6498923	0.27656114	1.8810039	0	4.5009313	0	0.9880675	0.44555467	0	0	4.028394	0	0	3.1042204	2.0381465	1.3313872	0	1.2571926	1.0794294	0.51283824	2.95993	0	1.5061032	1.0659096	0	0	0.58891946	0	2.4683166	0.39721298	1.451023	0	0	0	0	1.5947044	0.37944236	0.96940064	0.057524204	0.2676509	3.5790431	0.21210219	0	0.19627625	0	0.42069614	0	5.123022	1.1024663	3.7651362	3.379617	0	4.163949	1.9847643	0.097583294	3.4143386	0.5266314	5.5755863	0	1.6751808	0	2.0280302	0.30181885	1.5241085	1.3047538	0	2.6200886	0	0.18601042	0.86621416	1.5419459	3.637102	1.8166139	0	1.4168379
CAL51_BREAST	0	2.1310523	0	0	5.3816314	0	3.179068	0	1.3668492	0	2.3455067	0	0	0.5229761	3.5062995	0	0	0	1.7353084	0	3.1730585	6.6901164	0	0	4.76959	4.744754	1.7661884	0	0	0	1.2858195	0	0	2.6433601	1.2146	2.4356198	0	2.5611002	0	0	1.9467628	0	0	0	0	0.81881446	0	0	4.2537403	0	3.453312	0	2.9279113	0	0	2.140335	3.1854403	0	0	1.4725904	1.5016856	0.74547994	0	0	0	0	0	4.865833	2.248824	2.9841666	0	0.36860538	0.04215789	0	1.7050116	1.1008775	0	0	0	0.16247687	2.7422588	3.8423584	0	0	0.8818394	2.2572427	0	0.7621399	0	3.8446841	4.229962	4.3074474	0	0.48007125	3.1700034	0	0	1.6356328	0	4.817068	0	1.7823375	5.2913074	0	0	3.384297	0	1.9434553	0	4.78611	4.199403	2.948783	0	0	1.0088763	0	0	3.7648222	0	3.1145422	2.964143	4.463476	0	0	0.81123066	1.6549811	2.995653	0	2.2688596	6.551943	5.801315	6.242717	6.343652	1.4782327	0	4.099786	0	1.0153787	0	4.4871774	0.32785064	2.0824196	0.28079206	0	0	0	0	1.0069304	0	4.5881453	0.1268264	3.3941102	1.2250772	0.7858358	4.5858183	0	0	1.3760766	1.9545305	1.9557018	0.5232474	1.7293385	1.1649921	2.7971892	0	0.86775017	0	0	0	0	0	4.9577537	0	3.5359483	0	3.0651152	0	0	0	0	2.3430436	3.7796025	1.2773199	0.19344789	0	0	1.1118844	1.9037306	2.9870539	0	0.33962864	1.4687812	0.48003137	2.1228275	4.376993	0	0	0	0.24915367	2.7564397	0	2.9318058	3.428279	0	6.827179	0	4.305115	0	0	2.9411092	2.8072004	0	1.9282861	0.7270028	0	0	0	0	0	0	0	0	2.3678474	0	0	0	3.22171	2.1100047	0.054504365	0	0.44256184	0	0.043381393	6.5672274	0	0	0	0	0	0	0	0	0	0	0	4.1713047	0	0	0	2.2954245	0	0.022735298	0	0	0.12160313	0.22476041
CAL851_BREAST	1.5291698	0	0	0	0	1.5449499	3.1410694	2.1887398	1.0385419	1.3513148	2.9346418	0	2.3371453	0	1.1445096	2.4571588	0	1.1853309	0	0.21612549	0.1518121	4.6324124	0	0.8677364	1.1529651	0.9794708	2.3335607	0.6212342	1.0391657	0	0.90518767	0.54130656	0	0.15480483	1.6995603	0	4.500102	0	0	2.424636	2.721698	0.025859952	0	0	2.6005108	0	0.2610124	3.1800447	2.3759165	1.6660177	0	0.9539137	0	0	0	0	0	2.433906	1.9427661	0.05869615	1.4873967	0	0.7901031	1.791782	0	0	0.7341789	0	0.6774217	0	2.1259456	0.13914183	4.4484086	0.21820617	0	1.1579741	0.86892056	0	2.292026	2.4392755	0.07924485	2.3794737	0	3.3820026	0.19055355	1.6063927	3.8383584	3.4686964	0.6424869	0	0.21034265	2.6850088	0.88106203	0	0	4.133752	0	0	0	4.1556525	0	2.7740054	0	1.3520062	0	0	0.010956049	0	0.34730756	0	3.8513122	0.04288709	1.9129741	0.6635647	0	0.18133533	0.9805151	0	2.1921213	0	0	0.6592798	0.91599166	1.2147455	0	0	0.2100735	0	0	1.4146413	4.403097	0	0	2.5996466	0.5645574	4.1009707	0	0.8393235	0	0	0.13995624	2.6146388	0.53441787	0	0	0	3.2602837	1.019198	3.2405667	0	1.7666674	0.25490367	3.670271	2.1931067	4.4395027	0	0	1.518814	0	3.216916	0	1.945157	0	1.8068222	3.0280674	1.257691	0.4341519	0	3.1215322	0	0.057643414	1.6060126	0	0	1.295578	0	0.6114533	1.5144997	2.581424	1.8573859	0	2.953723	0	0	0.09038174	2.6227071	2.3325768	2.4130456	0	0.65000904	0.4862516	0	1.7666364	2.2368214	0	0	0	0	0.67042243	0	0.15790659	0	0.7799961	0	0	0.79616106	0.91926455	4.0564218	0	1.8193204	2.9126697	0	1.9775165	0	1.3623438	2.0110912	0.9321003	1.0322665	0	0	0.49371248	0	2.3395214	3.0221353	2.5624008	0.18959507	0.17002517	0.6597171	4.9633236	0	0	1.8918748	1.577106	0	0	0	3.3630261	0.13110721	0	0	0	0.041751206	0.69642615	1.4466527	1.2102121	0	0	3.434147	0	0	0	0.9609926	6.302705	2.0548046	0	0.116812944
CAMA1_BREAST	0.12871158	2.8020859	0	0	3.3563752	0.5076457	0	1.1236737	0.22013694	0	1.1100748	0	0	2.1351235	3.9305336	0	1.0416828	0	0	2.2262447	3.576299	0	0.002463102	1.0761948	4.095008	3.6932764	0.53297114	0.2680872	0	2.0529432	0	0	6.0505385	0	1.715125	2.758009	0	4.903092	0	1.5160147	0	0	1.2470084	1.5366321	1.5856766	1.5798881	0	0	2.260555	0	1.2733719	0.41631848	6.585959	4.917444	0	0	4.41249	0	0	2.455971	0.3457135	5.4644694	0	0	0	1.159663	5.8218613	0	2.729301	0	1.2452123	2.2713068	0	3.9348464	0.7201	0	0.45043993	0	0	0	0	5.2265387	0	0	0.123910666	0	4.8242636	0	0	1.9825386	0.5316348	0.8103016	0	6.0270596	2.9896197	0	0	1.8907871	0	1.8429323	0	2.89612	1.6465366	0	1.1479845	1.2110668	0	0	1.6828411	3.8209076	1.3758202	3.0911026	2.079064	0	4.722609	2.451837	2.0099516	3.1201904	0	0.78064275	5.8681917	4.8676605	0	0	1.807701	2.898967	4.81814	0	0	0	0	4.197396	3.6903224	2.9169524	0	4.8117332	0	0.52371824	4.2325897	6.090441	0	0	3.2789	0	0	2.6912296	0	2.2711124	0	1.5968878	0	2.5021467	0.44536626	0.85734224	3.218917	3.119531	0	0	1.1172899	1.9929373	0	3.4194818	0	2.1717882	0	0	0	1.6541053	0	0	0	2.8195689	0	4.3633194	6.684861	4.897732	2.4756625	4.974856	0.38618758	0	7.145191	3.6504064	0	2.8889563	0	5.7248297	0	0	0.2336349	0	0.36197847	0	0.10820997	0	2.405578	1.2620289	0	1.9365609	0.2440064	2.4815688	1.6605496	4.1542053	3.0831134	0	0.8558508	0	0	0	0	3.2513509	0	0	0	3.18302	0	0.2509529	0.81353426	0	2.1198153	0	0	0	1.2200859	0	0.5328847	0	2.6418674	0.9263562	0	3.2117696	3.3768048	2.2933505	0	2.4766293	0	2.1173694	0	0	4.38177	0	2.0579045	0	0	0	0.44581187	2.5529351	0	0	0	3.047149	0	0	3.446143	0	2.7141833	0.8912475
DU4475_BREAST	1.3558383	0.16175085	0	0	0.0865452	2.000708	4.7474403	1.9604108	5.4799128	1.5771569	4.7154045	1.7260324	1.3729851	0	0	1.4126556	0.22923255	3.2223673	0	0.11653805	4.491634	4.9670362	0	2.5008311	6.9119077	1.6225575	0	2.7736223	2.1408076	0	4.296082	1.9333054	1.5269113	2.0088103	1.769529	0	0	1.2397151	0.67844254	1.3943511	6.287366	4.2759657	0	0	2.3673074	0	0.13879642	0	2.3378866	2.4337864	0.38498157	0.7143978	0	0	0	0	0.2215727	0.12705132	3.4979186	6.0533304	0.068002276	6.4221506	0	0.9393749	0	2.797078	0.26563644	0	3.439003	1.9788744	0.16929829	0	6.561533	0	0	0	0	1.904516	0.7867483	0	3.9711523	0	0	1.8009441	0.28178108	0	5.531026	0.52137107	0.012808621	4.8828554	0.28744054	5.9907722	0.8044044	0.9324878	0.9407098	0.9509358	1.6910474	0	1.4132453	6.9436913	0	0	0	3.431585	2.3027544	0.101020545	2.1186824	0	1.8498683	0.5862192	3.1329756	0.19433242	0	0	0	0	0	5.785592	0.013447672	4.093192	0	3.8705318	3.4990058	1.9056003	0	0	0	0	0.693423	4.037022	0.52386165	0	0	0	0	5.633689	1.508806	0	2.415765	0.5515938	0.008334994	0	2.8320336	0	2.406567	0.43757188	2.6392412	0	4.271916	0	0	0	0.1643697	1.5802615	3.6297636	0	3.279963	0	2.530841	5.045171	7.099122	0	0	3.388969	1.4599137	0	2.5769582	0	1.9700556	0.04345596	0	4.1663456	0	1.5968496	5.2863064	3.749449	0	3.6488304	4.7492995	1.821033	0	6.425589	0	1.2068622	2.2541735	0	0.12950999	6.3896813	0	0	3.5663416	0	2.6610658	3.1862142	2.568089	1.1655326	0	0	0.3249933	2.3430655	0.89295316	1.2045249	4.5736217	0	0	1.1385558	2.8829062	4.9598956	2.3841038	0.47152948	0	0	0	2.807448	2.0150666	5.3246737	0	2.4722853	0	0	2.9345033	0	5.3451347	0	0	0	0	0.20380175	4.9332886	3.9032702	0	1.6713156	1.2728577	1.4215395	0.11823273	0	3.062388	1.1420959	3.7163258	0.92930186	0.19879562	0	0	2.1092572	3.5299277	4.7696376	0.5432472	5.8259926	0	0.81131357	2.6781273	0	1.2098225	1.0590279	0	3.2569127
EFM192A_BREAST	0	0	1.9028814	0	0	1.2428224	0	0	0.25472718	0	0	2.3906927	3.8493485	0	0	0	0	0	0.4312172	3.581171	0.6184932	0.10270488	1.2580835	0	0	0	1.6597798	1.1039395	1.7239945	0.58900076	0.218606	0	1.4285581	0	1.1914735	0	0.49050415	0.15629601	0	0.053746462	1.0791751	0.17732632	2.843447	0	0	0	0	2.1936028	0	0.44454136	0.6469803	0.31789732	4.0682235	0.8616921	0.07130289	0	0	0	0	0	0	1.731308	1.5115715	3.073429	0	3.2655735	4.2785735	1.0387573	0	0.97533315	0	3.5944786	0	1.4703531	0.5747226	4.594301	0	1.7905288	0	2.4870293	0.5598166	1.1601033	0.024824023	1.7844667	2.4867964	0	5.4031005	0	0	0.7853278	0	0	0	0.9701684	0	0	0.26153708	0	1.8060261	0	3.047649	0.17782223	0.35354996	0.11985245	0	0.8688682	0	0	0	0	0	0	1.7588278	0.31699675	0.036908403	3.8928006	0	0	0	0	1.0097543	2.5731068	0	3.4766984	0.13288248	0	0.78752446	3.0020213	4.8617625	0	0	2.7396178	3.3578243	0.6272074	0	0.9312106	0	0	3.810462	4.4323354	1.4714329	3.9646897	0.36895442	0.09805286	0	0.9859783	0.85884297	4.4973965	0	0	0	1.0904446	0	0	0	1.383903	0	0	0.66990304	1.4969916	0.25935084	1.2979194	3.5009265	0.5916017	0.26493913	3.487077	0.11244106	1.9736786	0.7853764	0.26338696	0.807995	1.3571765	4.3415494	5.697963	1.2132823	1.0022771	0.79224956	3.3156521	1.9034615	2.419096	0	0	1.0092702	0	4.808142	0	2.5387957	2.4070733	4.1088676	0	0.9638001	0	0	1.7020837	0	1.1957933	0.6732348	5.1622906	2.46213	0	3.0397213	0	0.027584717	0.08903059	0	0.64304495	0	2.099955	0	0	0	0	0	0	0	4.4706383	0.27101123	0	0	2.171053	0	3.5486639	4.7026587	2.075888	0.4877708	1.4647914	0	0	0	0	0	0	0	1.1397389	0.25469643	2.2742841	0	0	1.7366844	0.85801363	0	1.9638891	3.148286	0	0	2.763026	1.5543288	4.3632097	2.7250006	3.1246831	0	2.0959594	2.0074143	0	3.9455163	0
EFM19_BREAST	0	2.9031985	0.78851366	0.41579914	0.07086381	0.9399373	0	0.86046153	4.1545672	0	0.6973374	0	0	0.5100401	3.5118718	0.061593026	0.46121693	0	0	0	0	5.043292	1.8400264	0.80677754	0.9953302	0	0.8449123	3.7401242	0.77398765	0	0	1.0386717	0	0.06455362	1.7667998	0	2.2595236	0	0	0	0	0.72706527	0.6619329	4.4821844	0	1.7646176	0	0	0	0	0	0.048223495	8.375541	0	0	0	0.005664825	0.35203588	0	0	0	0	0	0	1.8634549	0	3.7690463	4.8697524	1.1659689	0.33487487	2.7996676	2.6401882	0	4.093163	1.4587245	1.168337	2.4855957	0	0	0	0.15625149	2.9466534	1.0849968	0.2211532	0	0.47539032	0	3.7644365	0	3.4048529	1.1766291	0	0	1.4429123	1.5629747	3.496881	0	4.635206	0	0	2.0377622	0.36027467	1.6258035	1.3125199	0	3.450539	0.59577566	0.5004765	0	1.2783567	1.1353289	1.3510675	2.139096	0	0	3.4334068	3.5603247	2.2697606	0.24197632	0	2.8097763	4.294732	0.80527353	0	0	3.4640002	0.7651545	0.4575792	0	2.1727915	0	1.7024703	0	2.469461	0	0	0.5978643	2.775268	3.1533494	1.5064906	4.2985377	0.08594394	0	1.6895485	0.7440393	0	0	1.8505328	0	0	0.68274665	0.7239108	1.0112079	0.12951148	2.1899314	0.5815768	0	4.9039416	1.2995996	2.735921	0	0.19177622	0	0	0	0.9751954	0	3.9455187	0	0	0	0.3682959	1.8003669	0	0	0	0.44690055	0.80328226	0	0	3.750046	0	4.4055495	2.7743893	0	4.5968933	0	0.020532764	0.80433065	0	0	5.921524	0	0	3.7361438	2.370395	0	0	0	0	0	2.6443555	1.254297	0.33803183	0	0	0	0	0	1.4697094	0	1.0350069	1.585851	0	0	0	2.4646356	0	0	0.021157265	0	1.8227553	0	0.05166197	0.54048455	0	0	0	1.3543577	0	2.4826345	1.2304652	0	5.3799143	0.8064286	2.5486069	1.529128	0	4.659053	0.3403292	1.9524974	0.35251346	3.9180777	0	0	0	0	2.4576771	0	1.8554187	1.2399687	1.065741	2.402078	1.3684201	0	0.86874986
HCC1143_BREAST	0.1942295	0	1.6934226	1.6827822	0.73732907	0.13968587	0	0	0	0	0	0	4.3346453	0	0	0	0.38928702	0	0	9.338757	0.56984234	0	2.0885675	1.176785	2.502428	3.7948513	1.0309259	0	0	1.0077668	0.6500937	0.2121197	0	0	0	1.4820309	0	1.2136889	0.39763445	5.9204392	0.7065326	0.07218301	2.6283295	0.024152994	1.202185	0.70370203	0	3.3065348	3.4005501	0	0.61689925	1.881258	0	3.5137656	4.9080076	1.7260795	0.14661223	0	0.25769603	0	5.5244794	4.990819	1.2013962	4.333709	0	4.9013033	0.41664052	0	0	0	0	0	1.6428425	1.0244055	0	0.14391038	0	0.014213681	0	0	0	0.04656682	0	0	1.7636108	3.2257323	2.570137	0.23889184	0	0	0	2.8342772	0.13226867	0	0.9272897	0	0	0	0	5.2528076	0	1.9198959	1.0489082	0	1.7342594	2.1630583	0	0	0.19222593	0	0	3.540845	0.05899656	0.6698625	3.744621	0	0	0	0	2.0826008	1.9045024	1.0728102	0	1.2501055	3.875274	0	2.9550657	0.57418126	4.187369	0	0.7471738	3.052757	1.6535687	1.3885778	0	1.851956	0	0	0	1.1291676	0	1.6227403	1.8631866	0	1.7948201	1.4891443	1.3696473	2.5413547	0	1.0958703	0.33707863	2.8188376	1.9348114	0.15626377	0	0.31929904	3.371545	0	0.4539795	0	0.8519175	2.6847668	6.162575	1.0449677	0	0	0	0	2.2386591	0	0.058898628	4.7359433	0	6.6617413	0	0	0	0	0.6404317	0.4697476	0	0	0	0	2.8105702	0	1.7954161	0	0.32199967	0.84881234	0.084939	0	1.5057228	2.2714913	0	0	5.59945	1.1893317	0	2.4997325	0.4792428	0	2.011982	0	6.051611	0.035135508	3.8045344	0.1226348	2.5956807	0	0	0.3248347	0.31212938	4.214112	0	5.190275	0	0	0	0	0.2096166	0	4.5692973	2.8357952	1.3062097	0.55029136	0	0.67542315	0	0	0	0.45265102	0.9695839	0.38949764	0	1.2289639	0	1.0401531	0	1.0587916	0	0	2.8367934	0	0	2.2856438	0	0.10872388	0.14196259	0.14415401	0	0	0.7218446	0.6461327	1.1807625	0
HCC1187_BREAST	1.475414	0	0	1.7786732	3.335824	0	2.9269967	1.6377032	0.37319684	0.52177024	1.1025547	0.94846106	0	0	0	0	0.806123	2.3924959	0.9901191	0	0	4.240699	0	0	0.5380496	0.96204615	0.12295297	2.0891354	0.5393249	0.080109954	0.5305228	0.93117446	0	3.502079	0.11476016	2.2043393	5.7062387	1.7115111	0	0	1.9717444	2.9031253	0	0.4484507	1.1766758	0.03679174	0.5522399	1.3046217	0	0	0.8537325	0	1.6313998	0	0	0	0	1.1283516	0.1714465	2.7489016	0.05482264	0	0	0	0.7231568	0	0	0	0	3.4226916	1.1790617	0	0	0	0.11040968	0.27839106	1.8638265	0	2.0605478	1.1403298	4.451768	0	0	3.5464733	0.3392589	2.622228	0	2.023169	0.45335376	3.2844114	4.151188	2.5407515	0.007501125	0.39904994	0	0	0	3.8618033	0.007843018	2.62579	0	2.9109101	0.6709611	2.264215	0	1.181242	0	0.61103225	0	0	3.602509	0.25852787	0	0	0	0.34367692	0	0.9652202	0.048198074	1.2423866	0	2.6211023	0.9273821	0	0	0	1.0294595	0.44262516	0	3.247027	1.5125751	0	0.369164	0.49613422	0.30904216	0	2.7656326	0	0.43463826	0	2.7620788	0	0	0.5927534	0	0.5416142	0	0	0.7994528	1.6435943	2.3991747	0.48618972	1.1219761	2.1144118	3.0072298	0	0	4.269759	0	4.102829	0	0	0	0	2.2787285	6.234682	0	0	0.3262782	0	0	0	0.1690892	0	0	0.35184574	1.1163034	0.46595785	1.9308591	0	0	5.7421436	0.5458617	0	0	4.873087	0	0	0.09318705	0	0	6.509425	0.78480375	0.06021616	0	0.28067464	5.292311	0	0.85252273	0	0.9391389	0	0	1.4800633	6.1392746	0.45162082	0.5107133	0	0	2.127384	1.950037	1.3478246	5.3704433	0	1.4008684	0	0	2.0885725	0	0.57559663	1.2756381	3.001555	0	0.9004618	0.51920295	0	0.31887755	0.15363157	5.000591	2.1987448	1.2825924	1.4563103	0.33574188	3.6695032	0.15194103	0	5.363103	0.23168671	2.8962293	0	3.3617358	0.46395817	0	1.0945892	0.5512086	0	0.24052095	0.33345056	0	0	0.39604843	2.5433667	0	0.20922565	0.115337014	1.8791418
HCC1395_BREAST	2.183471	0	0.7809324	1.8560629	0.07437464	0	0.08601642	1.7554588	0	1.5091532	0	0	2.2471619	1.1727579	0	3.024062	1.2510334	0.2892984	0	2.655821	0	0.27290976	0	0.2660361	0.009384215	0.6078182	0	0.022543818	0	0.7035268	0	2.3575664	2.3792827	0.06950724	0	0	3.820129	3.376934	0.38097388	2.1604142	0	0	0.31199545	0	2.6340744	0.28367248	1.0745019	1.7492969	0	0	0.063681796	1.9682708	1.8252827	1.1677496	2.2416596	4.3348756	0	2.165722	1.3362077	2.287029	2.255063	0	2.0249734	0.20203853	1.6272714	0	2.8722897	0	0	0	0.95048016	0	0.9699956	0	0	0	2.9390397	0	0.66472787	2.6755633	0.07692331	0	0.8189733	0.63958323	0.5736687	2.43908	0.1764878	1.2381355	0.92062086	2.2577124	1.5126352	0.515344	1.0496488	0	0	0	0	0.9436667	0	1.523163	0	2.048662	0	0	0	0	0	0	0.25044096	0	0.10519487	0.07026094	0.42677724	1.7502493	0	0	0	0	1.3813095	0	2.3861175	0	0.23785734	0	2.0631034	0	3.2483618	0	2.036189	0.7729093	0	1.8688204	0	1.7544615	1.2915978	0.8327093	0.42923307	0	0	0	1.7242589	0	1.7606244	0.060531378	1.3062001	0.64573747	0	0.28333056	0	0.8491407	2.711255	4.6207542	1.8389804	1.670316	0.22416282	0.13565224	0	0	0	0.1376276	0	2.5378065	0.33433747	0	0.1489796	0	0	4.0455465	1.9080498	0	0.7937679	0.39248514	0.030063987	0	1.1811631	0.1903038	0.6555108	0	0	0	0	0	0	0	0.37327164	4.1436505	0	0.20339397	0	1.1374836	0.21611574	0	1.2553058	1.6643212	0	0	0	0.95412517	0	0	1.8925579	0	0	0.7674384	0	1.1696069	0.3821559	0.2873993	0	0	0	1.0843722	3.0482426	0.84049577	1.3312002	0	0	0.8636521	0	0	0.5923975	0.818336	1.9117253	2.8955836	2.814302	1.6772766	0	1.5578897	0.114141375	0.13031949	0	2.2277749	1.3255262	0	0	0	2.9767914	1.125618	1.781102	0.5124239	0	2.6092274	3.3127134	2.115105	0.00867343	0	0.24724448	0.001579762	0	0.4858669	1.4960862	0	0	0	3.6260302	1.7384541
HCC1419_BREAST	0.3917612	3.405912	0.71747684	0	0	0.28343588	0.017409086	0	2.7852528	0	0.49391603	3.1269817	0	0.55908763	0.9223764	2.2741966	0	0	5.1589737	0	0	2.145629	0.5827131	0	0	0	1.4875339	0	2.4376152	0	2.7401595	0	0.9255206	1.787202	5.6981673	0	0	0.7318422	0	0	0	0	2.8468301	0	0	0.9465839	0	0	1.8268018	0.17811672	3.433621	0	3.24688	0	0.5997454	0.5611422	3.4864113	0	0	2.4795182	0	1.3972471	0	0	0	1.10176	0.022583246	3.7325854	1.5992136	3.3118165	0	3.1980186	0	0.5380572	1.5633359	4.4747963	0	0	0	2.3388045	0	3.4893785	1.6681528	0.76350605	1.0323622	0	0.09634876	0.7323793	0	0	3.3356805	0	0	3.2153404	2.5939438	2.682326	1.5651085	3.8185003	1.2435247	0	3.8738623	0	2.9263844	1.416174	3.6843007	0	0	3.473075	0	3.6734548	0	0	0.18206084	0	2.9825702	2.994522	1.8128922	2.1234984	0.4893418	2.3852417	3.9651556	1.5721762	0	2.2494051	0.72956514	3.9961095	0	4.3820343	0	0	3.6090643	0	4.611607	1.3418434	0	0	0	1.5713413	3.9383051	5.2044315	3.819038	2.216164	0	2.6712608	0	0	3.3283436	3.6933522	2.7039132	0	0	1.1874123	0	0	0	2.9226744	0	2.2181406	1.0497046	0	5.214609	0	4.8882008	0.30619806	2.1898344	2.0935352	0.56510115	0.19561255	0	0	2.8331723	0.25218594	3.2450244	1.9617563	5.4624834	1.9876921	3.2364519	0.836385	0.42136917	3.7261052	5.020523	1.8140863	3.9938538	2.3206844	1.0817397	0	1.0571249	0	4.028151	0.15429819	4.397628	5.21322	0	0	2.7821038	3.4197276	0	3.3692052	3.563542	0	0	2.8318346	0.1859678	0	9.883677	0	3.1331363	2.9558687	0.5910177	0	5.206009	0	2.38446	0	0	0	4.184541	0	3.777134	3.1951823	0	0	0	0	0	0	0.0805645	0	0	5.4111953	0	0	0	1.41555	0	3.1818552	0	0	0	0	1.7728386	3.589266	0.5374328	0	0	2.0262263	1.2587501	0	3.1939058	1.7696676	0	4.8272657	0	0	0	0
HCC1428_BREAST	0	2.832918	0	0	3.0629869	1.9763964	0	0.4911273	3.1128304	0	0.8952799	0	0	2.8596182	4.6380944	0	0.9751104	0	1.4421294	0	0.97957045	0	1.300395	0.63059324	0.25099218	0	0.8356929	0.37466925	0	0	0	0.6315128	0	2.6328626	1.9341823	0	0.5708393	0	0.9627665	0	2.8374925	0.52179116	1.9790967	3.568633	0	0	0	0	0.10219777	2.2410946	0.22526185	0.2445705	0	0	4.602047	4.4370403	1.3905945	0.8728565	0.4361645	0	0	3.853036	0	0	1.6048553	0.047377467	0	2.3107724	2.038215	0.88347626	0.69106585	0	1.4120929	0.32251972	0.8604467	0.7064602	0.28661126	0	0	0	0	0.73173547	0.2544321	0	0	3.1668868	0	6.5174303	0.39631516	0	0	0	0	0	4.721719	0.4504686	0	4.078519	0	0	1.2181841	0	2.8403502	1.0568955	4.1347485	5.803306	0	0.8036616	1.3103735	3.170331	2.4132543	3.246402	0	0	3.7303295	1.7746757	2.44674	2.4455106	0	0.9370719	6.2249737	0	0	0	3.841392	2.4735236	0.2035977	1.0957019	0	4.871511	0	0.067916244	0.42547786	0	0	0.029068999	0	0.105208874	1.7551737	2.0176358	1.9751625	1.2872531	0	1.766268	3.1010442	0	0	0.39010942	2.7253351	0	0.8075992	3.933053	1.1965513	1.4183794	0.5279432	2.2720516	3.0387635	2.0508394	2.125445	0.4229349	3.1092005	0	0	0	3.3039033	0	0	3.7704244	0	0	1.2670641	2.6396453	1.0520527	0	0	0	0.078165025	0	0	0	3.3007224	0	4.6533685	3.0407968	0	0.019097805	0	1.009094	1.1568379	0	4.491718	5.711269	0	0	5.5204716	3.1400273	0.007344008	1.153235	1.0841674	0	0	4.0398283	0	0	4.012353	0	3.9131057	0	1.7155359	0	1.6090827	0.7309654	2.2289267	0.40607423	0	0	2.5671813	0.28053477	0	1.5359789	0	0.07889342	0	1.1327345	0	0	2.1761227	0	2.9845195	0	0.49724504	4.6133857	0.8786741	0.8235294	2.487702	1.6983955	0	1.4734261	0	0	0	3.3954506	5.2118797	0	0.23726654	1.2421904	0	0	2.1250823	0.93138325	1.6613115	0	0	4.2458115	0	0.3716272
HCC1500_BREAST	0	0	1.2509073	0.73138356	3.8301973	0.508234	0	0	2.824314	0	1.7139059	0	0	0	5.7928104	0	2.8642156	0	3.9108498	5.17867	0	0	2.928498	0	2.8948298	0.52142215	1.013308	0.65908504	0	1.4064555	0.72102183	0	0	1.5805824	0.9962368	2.338529	1.6516111	0	0.06761661	4.5530224	2.416349	4.5838156	0.6748513	2.6867762	0	0	0	0.38541794	2.7887492	0.82385874	2.3210695	0	0	3.184635	5.180399	1.1993278	0.4087711	0	0	0.49978495	2.6232042	7.0398397	0	0	0	1.9695876	0	2.340954	2.092529	0	0	1.2789247	0.70276153	2.194425	1.1277887	0	0.23506564	0	0	0	0	0	0.07998198	0	0.17829204	0	0	2.4864235	0	0	1.1531768	2.8810153	0	5.437532	2.8700237	0	0	2.5698934	0	5.1263604	0.16804653	0.35127914	0.43688518	0.51559055	4.086529	3.8605535	0.261535	0.3771393	1.0593183	0.11916384	0	4.286827	0	0	0.70931566	0.40321743	2.1998377	2.0692647	0	2.666526	1.9066453	7.2812324	0	0	2.1895053	0.25548822	3.8719656	1.5415411	2.379411	2.8394475	0	0.308454	1.0752673	0.7580391	0	2.8722978	0	3.340085	0	3.7653465	1.7726586	0.09046635	0.55890137	1.6508663	3.257825	0	0	0.8575468	0	0.31551373	0	1.7208921	0.05502689	0.20184767	1.1303535	1.894654	4.585091	2.2914078	1.9016485	2.8103073	1.4632938	0	0.18639326	1.1061494	0	0.53655124	0	0	2.1831598	0	0	0.98890066	0	1.008411	0	0	0.7789526	0	0.5294212	0.057859123	1.3465755	1.4494095	0.03122449	1.1661489	0	0	0	0	0.6095621	0	1.0647963	0.9151669	0.24326646	0	3.657931	1.2297034	1.296082	0.16257715	0.84088266	1.1949867	0	1.7269119	3.0157661	0	2.2375565	0.1653825	4.039069	0	0.5311897	1.5170126	0.76674986	1.9214756	0	0	0	0	0	0	0	0.5388279	0	0	0	0.52022755	0	0	0.30730715	0	2.809722	0	0.37070036	2.3187096	0.54998344	2.6774838	2.7119384	0.9261478	0	0.06617975	4.008829	0	1.2532836	0.24154457	3.8706758	0	0	0	0	0	0	3.5538437	0.19822514	0.13114405	0	0	3.3717153	0.41865897
HCC1569_BREAST	1.1138766	0.9822371	0	0	0	0.38041046	3.0227985	0	0	0.55870044	0.5000607	1.8954368	0	0	0	0	0	0	0	1.0237643	0	6.6222525	0	0	0	0	3.4737997	0	3.7041056	0	4.1851788	0	0.7879888	4.6279373	4.6150184	0.5498219	3.9910707	0	0	0	0	0	0	0	0	0	0	0	0.14956427	0.18480018	0	0	3.5150442	0	0	0	2.016505	2.738101	0	0	0	0	0	2.398202	0	0	6.8151264	0.6200047	0.67978585	0	2.678294	1.5241362	0	0.52202165	0	5.557166	1.1559691	0	1.3152733	3.6279438	0	4.4041395	0.1414125	2.2096477	2.1991012	0.07200441	5.967538	0	0	0	1.5523436	0	0	0	0.12925851	5.782483	0	2.0101242	0.03121972	0.045978636	3.850346	6.056397	1.4511144	0	0.8007983	0	0	0.6716841	0	4.191509	3.7137141	0	2.2206273	0	5.071298	6.086034	1.0620064	0	1.735733	0	0.2241273	0	0	2.580652	0	0	0	0	0	0	6.2959723	1.5334144	4.622179	5.238446	0	0.43210247	0	0	0	0	0	4.1931705	0	1.8015056	0	0.3338552	4.7872806	5.7700424	0	1.1502264	0	0	1.4872282	0	4.258841	0	0	0.24983656	0	0	0	3.2907062	1.4024047	1.4289424	0.18736547	3.737454	1.4522431	0.45786035	0	0	2.8299751	2.007329	3.1787372	0	0	0	3.217438	0.84800196	0.8546171	1.1618137	5.9978714	2.3417006	5.4301977	1.1034654	0.2728976	1.3657001	3.3749266	0	1.3888098	2.310309	0	1.8456948	0	0	0	0.4045738	0	0	3.0537252	0	0	0	2.3392482	0	7.284395	0	2.8207235	2.1418018	0	0.27469194	5.4432135	0	6.26089	0	0.11649361	0	3.885821	0	0	2.5610547	0	0	0	2.0760016	0.004151344	0	1.7519064	0.0236817	0	0.9369315	0	0.86658883	0	0	0	4.02962	1.1488373	0	0	0	0.8446071	0.77347845	0	0	0	0	0.090936065	0	0	2.135867	0	6.084753	7.929532	0	0	0
HCC1599_BREAST	0	3.769063	0.5509149	1.8566618	4.681701	0	1.9874163	0	0	0	0.54733264	0.57867986	0.33683968	0	0.5686878	0	0.42253652	0	0.4811933	0	3.471461	0	2.8262055	2.5812035	5.671957	5.426426	0	0	0	1.5383434	1.9415984	2.1105742	0	0	0	0	0	2.345266	1.2509747	0	1.4247122	0	1.4673371	3.514299	0.74751335	2.6532898	0	0	1.357106	0.01225701	0	1.4630686	5.656377	3.1136289	0	0	1.7362881	0	0	4.5386944	0.83293384	6.117569	0	4.5026774	0.020085037	4.235167	0	1.3983634	1.9002724	0.91117495	0	0	0.010148168	0	3.7839131	1.8838919	0	0	0	0	0	4.439703	0	0	0	4.990424	0	4.5420713	1.1419148	0	0	0	0	0	6.3651333	0.63265556	2.755144	0	0	0.5440526	0.1253928	0	4.0707927	0	3.1079445	4.902508	0	2.7044039	0.71529293	5.8335543	0.9199301	5.2230825	1.1858698	0	6.9817586	0	1.201174	4.1313114	0	3.198397	5.0956903	0	0	0	1.4749335	3.5214634	0	0	0	3.280561	0.3219641	1.0885843	1.9860567	0	0.006971054	0	0	0	2.6293266	2.742793	0	0.5530862	0.8463393	0	0	4.668968	0.7891631	0	0	5.6817656	0.5020615	0	1.1770827	1.0842562	0	0	0.8214526	0	0.574685	0	5.166973	1.7151521	4.894766	0	0	0	0	0	0	0.023602605	0	6.297446	0	0	0	0	0	2.0907428	0	0	0.5840752	4.2389174	3.208709	2.9374056	0	0	0.28070754	0	0.76533204	1.8346655	0.10659918	1.4678346	0.45265388	0.41354817	2.9522629	0.24500749	4.909111	4.4018116	1.2030286	3.3303683	1.7085919	4.6289806	3.7555435	0	6.527045	0	0.5808473	0	3.0051155	4.7302475	0	0	0	4.5932007	0	6.6336613	0	0.26142251	0	1.4482161	0.12990445	0	3.8042529	0	0	0	3.3230083	0.5373688	0	5.1143985	4.5442986	0	0	3.3874354	0.033019274	2.3248518	0	0.04320109	0.10451484	1.8734441	3.0506072	0	0.076206565	0	3.2368617	1.8994656	0	0	3.1123059	0	0	0	0	2.1552403	0	0
HCC1806_BREAST	2.4462771	0	1.8334999	1.5050997	0	0.62969583	3.0755057	0	0	3.114337	2.736823	0.059645772	2.8481681	0	0	1.5195346	2.0484006	2.267705	0.81441224	5.1928186	0	3.0232635	0	0	0	0.55670094	0.3891006	0.18891174	0.28750294	0	4.0086074	0.22237903	0	1.8832686	4.386903	1.1111112	6.091729	0.21310633	0.624789	4.715374	0	0	0.5078294	0	1.6279962	0.78126824	1.1917316	1.2969064	2.0969944	1.35058	0	1.8485893	0	0	1.1856254	2.2359674	0	1.2450501	1.1365504	5.594041	1.5303959	0	2.4826155	0	0	0	0.21638846	2.0500863	0	0	0	1.6263697	2.0466661	0	0	0.5118897	2.8712826	0.5641582	2.1018386	6.768722	0.12062448	1.4874314	2.6311145	4.6173234	6.3552074	1.6610217	0	2.7965636	0.32879603	0	7.1436386	3.1150792	1.296215	0	0	0.76421255	1.3577337	1.1270866	2.5768347	3.856433	0	0	1.1736863	2.8349044	1.7287259	0	0	0	0	0	0	0	0	1.222658	0	0	0	0	2.140302	0	1.1033602	0	1.4729885	0	0	0	0	0.95195484	2.894778	0.9105892	5.350658	0	0	0.30296415	0.14906262	0.8461906	0	0	0	0.8527821	3.708757	0	1.5039685	0	0	0	4.1005106	1.6464514	2.8550339	0.85812503	0.89812165	0	2.272265	0.2257775	0.71690476	0.3860381	5.0203695	0	0	0.19644201	0.9764937	0	5.967589	0	0.84294987	6.5506325	1.6753197	0.72981596	3.908077	0.3093959	2.616557	1.129003	0.019228578	0	1.3765848	0.7991743	1.7346182	0.15737596	0	1.5903811	0	2.8738818	0	0	0	1.1761422	5.639103	0.57842004	0	0.79810846	2.6048439	2.584099	1.1524596	4.5257816	0	0	5.016398	0	0	0	0.54530764	0	0	2.3244572	3.7226048	3.0461912	2.3654473	1.9538422	0	0	1.723985	0.955667	6.5516796	0	2.3416107	2.4808564	0.9910644	1.1683714	0	0	1.1031528	0	0	3.4330263	1.7874668	0.94539654	0.3448512	2.6690094	0.5894423	2.1373167	0	0	1.1449628	0	0	0	3.67525	0	0	1.1303107	0	3.2997315	0.39469504	1.172048	0	0	2.3233118	3.889602	3.1328173	1.9482145	0.67065823	0.9452659	0	0	3.019734	0.880908
HCC1937_BREAST	0	0	0	0.04511583	0	1.8303434	3.8075542	0	0	0.7084799	3.4110098	0.6104032	2.486394	0	0	0	0.3637269	0	0.08811629	3.7402172	0	0.024428964	0	0.022248209	0.88353956	3.1227307	0.77603316	0	0	0	4.6188455	0	0	2.4698658	2.971211	0	4.973378	0	0.18951458	1.6760627	2.1898882	0	0	0	1.7311187	0	0	0.17330289	2.9191096	1.3487655	0	1.4045464	0	2.004594	0	0.5418809	0	0.11681971	0	6.000345	0	3.5563025	0	2.0944848	0	0.24378073	1.3027024	0	0	0	0	0.9307071	2.618374	0	0	2.1187074	0	0	1.0865362	4.3329096	0	1.8337126	0	2.8516893	2.301608	3.2412922	1.2852807	3.8548536	0	0	0.44567108	1.7969418	0	0	2.2223737	0	0.34349525	0	0	3.373879	0	0	1.343801	0.27825636	2.5462523	0	0	0	0	3.5777843	1.9221079	1.0265552	1.8021659	0	3.2695844	1.3413603	0	0.6488161	0	0.07816705	3.2836206	0	0	0	1.3357825	0	0	0	1.6255813	2.2442412	3.1346328	0	1.3283933	0	0	3.0556407	0	0	0	1.975961	0	1.7596066	1.4107606	0	0	0.68337554	4.824946	2.4061956	2.3715925	2.2348163	0.5945457	0	2.5702481	1.2131857	2.7276435	0.35058242	3.9055905	0	0	0	3.4997993	1.6442623	5.4485207	1.7633439	0.54014057	3.9408739	0	0.19503093	2.5597093	0	0	3.4071355	0	0	3.1113052	0	2.2920284	0.98658204	0	0	1.2410493	4.6818876	0	0	0	0.163322	4.702235	1.79155	0	0.5621263	3.354104	0	0.3663038	4.527111	0	0	1.6369524	0.434151	1.4328077	0	0.00769347	0	0	0	5.297186	0	3.0406914	0	0	0	2.7688088	0	2.4123313	2.282562	1.0782636	3.5719087	0.04848224	0	0	1.0461406	0	0	2.3413665	1.5989511	0	0	1.9482954	2.031201	0	2.9497738	0	0	0	0	0	0.23554146	1.8675598	0	0	0	0	2.2548018	0	0	0.10028207	0	0	2.513	1.5259483	2.416288	0	0.48990944	0	0.32031894	0.11905885	0
HCC1954_BREAST	0.6067662	0	0.00137946	0	0	0.37971613	0.842108	0	0	0	0	3.9675689	2.771654	0	0	1.197125	0	0	2.810616	2.066928	0.72508806	0	1.0469319	0	0	0	2.9157248	0	0.689413	0.021282077	2.061235	0	0	0	0.30671585	0	2.7013884	0	0	0.49347758	2.675424	0.41615522	0	0	0	0	0	2.6375945	0	1.1309099	1.886374	0	0	0.49143052	4.0884943	3.1092849	0	0	0	0	0	1.129494	0.4669525	1.765875	0	2.18516	0	1.0129704	0	1.7589283	0	0	0	0	0.019241929	4.8641815	0	0.5898706	0.44044897	1.9741261	0	0	0.38533047	2.7481833	0.81842613	2.3728786	2.676201	0.58111477	0	0	0	0	0	0	0.46301454	0	0	0.7672337	0	0	3.787682	0.50326157	0	0	0.24144818	1.9187461	0	0	0	0.12796804	0	0	0.11839867	0.089106426	2.0410705	2.3724403	0	0	0	0.95143545	0	0.14933676	0	3.3946726	1.031996	0	0.28313005	4.7023897	3.2190785	0.9260739	0.9679973	0	4.5603333	1.25387	0	0.2547751	0	0	0.6460324	0.81588894	1.483511	5.257513	0	1.7434584	0	0	1.3818231	3.320372	2.829236	0	0.064064264	0.81367344	0.65666157	0	0	0	1.3874848	1.7317557	0.6824781	0	1.450569	0.9764161	3.022241	0	3.001825	4.7230883	0	0	0.8078077	0	2.0866318	2.565503	3.833408	0	0	0	0.8307301	0	2.2412372	2.0919528	0	0	0	0	3.1560564	0	0.6080999	2.2529058	3.949903	0	1.3127197	0	0	0.15460369	0.08210778	0.6384696	3.4640813	4.1560755	3.1494007	0	0	0	0	0.39170682	3.081637	0	3.160147	2.6653986	0	0	3.1449819	0	1.0303682	0	0	2.0031226	1.0407972	0	0.22592121	3.1928144	0	2.4967976	3.1377969	3.4701347	0	1.1576922	0	0	1.9904543	0	0	0.9843532	0	0	0.38878065	1.1765406	0	0.5227371	0	0	0	2.7549062	4.763063	0	0	3.2629209	0.6022041	0.181355	2.5035594	0.37059993	0	1.7895926	0	0.96027875	0	0
HCC202_BREAST	1.1087778	1.2507937	0	0	0.002696283	0.7561077	0.19062185	1.559454	4.7297945	0	0.76043785	2.6807933	0	1.865577	2.5661075	4.176379	0	0.1601362	0	0	3.3925743	4.236042	0	0	0	0	2.7552404	2.8188908	1.3848784	0	0	0	4.8141108	0.46895033	2.8913922	0.34862685	0	0.62987643	0	0	3.1851025	2.828851	0	0	0	0	0	0.006947041	0	0.8426088	3.2929058	0	4.9145274	0	0	0	1.8986447	0	0.46656471	0	0	0	0	0	0.74257284	1.0300078	3.2808459	0	0.92431664	4.2738	1.0868586	1.9701595	0	2.7259362	0.27226132	3.5779953	0	0	1.0270507	0.013730466	3.4706771	2.1781993	0.05692157	1.9926624	0.00545466	0	4.9509726	0	0	2.8643074	0.3060484	0.4544058	0	1.552836	0	2.586011	0	2.8753858	0.63169825	0	3.4199638	2.2397513	0	1.8260025	0	1.7600557	0	0.7137679	0	0	2.1952643	0	0	0	1.3441272	3.8575983	2.243956	0.90501523	1.9303324	1.1062596	0	3.7120633	0.8521657	3.716271	0	0.79531604	1.3724557	3.5287547	0.38116127	0	0.14962792	1.3934221	3.5702662	3.8795323	0	1.7535424	1.8326311	0.31095052	3.953656	3.506125	3.1240253	2.462574	0	1.7093797	0	0	0	2.2180533	1.8167423	0	0	2.9039373	0	0	2.0087733	1.3914781	0	3.7266202	1.6154866	0.90447354	2.2499042	0.7241094	0	0.19515604	2.3308184	3.9673655	0.020442724	1.930611	0	0	0.77311563	0.7100787	4.1116033	1.790496	0.8130041	4.943548	2.4050605	3.0065196	5.7940626	3.8093672	3.8472464	0	0	1.6716211	2.9793255	4.6262927	0	1.9724826	2.8637009	0	0.24747315	0	0	0	1.0628084	3.0677657	0.25635707	2.288095	3.2649837	0	0.8404813	1.9889939	0	0.99024385	1.899121	0	0	4.6201825	0	0	2.1244547	0.18155336	0.67059326	0	0	0	4.169654	0	2.2639742	2.1346514	0	4.3477545	1.2477026	0.19126153	0.17743313	0.9390867	0	0	4.343496	0.16716646	2.9328685	4.650205	0	0	0.7422865	2.203754	0	0	2.9919128	0	0.6694169	1.703789	0.60191286	0.7301566	0	2.4477837	1.181532	0.62911296	0	1.0858936	0.2155776	4.3461046	6.2945976	0	0	0
HCC2157_BREAST	0	3.4284534	0	0.38422626	3.0609646	0.46339387	2.3748827	0.28256816	0	0	1.2120305	1.0529809	0	0	2.0952392	0	0	0	0	0	1.9225686	1.7284583	0.22055006	1.3589582	3.177631	2.9122796	0.53650784	0	0	0	1.5233545	1.2959958	0	0.6893542	1.5277303	0	0	0.5453624	0.14884025	0	2.6063843	0	0	1.7947309	0.83117235	0.9083319	0	0	0.8723128	0.41286898	0	0.4476266	3.0214453	1.6723874	0	0	1.7195387	0.29504752	0	2.0512478	0.026963994	3.777307	0	1.5365492	0	1.9580042	0.56823194	0.30115837	2.0562785	1.6035866	0.26615518	0.35186872	1.1602825	0	2.6815445	2.2298548	0	0	0	0	0.22704339	4.2005796	0	0	0	3.303008	1.5521055	3.8837855	0.70715255	0	0	0	0	0	4.3548326	2.0326486	1.2560887	0.34951073	0	0.051220704	0.83183146	0.5251402	3.2590282	0	1.5202951	2.9292388	0	1.9603521	0.22781503	5.540258	3.0988708	3.034574	1.7110225	0	5.1827583	1.3085468	3.3510745	2.4022257	0	1.3858676	3.2230413	0	0	0.80092394	0.5593895	2.5320473	0	0	0	3.390314	3.0177493	0.834962	1.8806715	0.37610212	0.14221351	0	0	0	1.4149985	1.8377974	0	1.8341997	0.2885877	0.21605623	0	1.8410976	1.7226782	1.4796616	1.1449707	3.3601606	0.7594909	0.27747893	1.5768661	1.430331	1.7056099	0	0	0	0.36307663	0	4.323227	1.1630892	1.6449609	0.34497023	1.7327166	0	0	0	0	0	0	4.112032	0	0	0.5341715	0	0	1.3441753	0	0	0.115291834	4.144171	3.9095933	3.1228335	0	0	0.0938825	0	0.8223485	1.2486744	1.025113	2.7148252	0	0.13750325	3.0513227	0.46457237	2.1521184	1.2591377	2.1084304	1.7892451	0.21512257	3.2763216	2.0697834	0	7.1923065	0	1.7861383	0.12824902	0.76151705	3.4358106	1.3659642	0	0.60435236	2.6205711	0	3.1822243	0	0.14631268	0	1.5775226	0.00223285	0	2.3183675	0	0	0	3.08708	0.17965138	0.16973639	3.0516882	3.4659283	0	0	0.8284657	0	2.5851054	0	0	0	0.40883556	2.0282772	0	0.5475851	0	1.8606058	1.0372086	0	0	2.3008008	0	0	0	1.0385493	2.6221786	0	0
HCC2218_BREAST	0	2.648785	3.047957	0	0.3953657	0	0	0	0.86127055	0	0	3.3950372	0	0.0628898	1.115248	1.0264912	0	0.63498074	3.4844668	0.48648918	1.5494108	0	4.010668	1.037091	1.4121977	0	0	0	2.6002214	2.7979708	1.7749205	1.5806526	1.5147164	0.2896933	0	0.1726028	0	1.5143561	0.5781651	0	0.99083984	3.4194667	2.0741785	3.938875	0	2.5411654	0.24895534	1.2007698	0	0	1.8407528	0.6639069	5.163486	0	0	0	1.0426509	0	0	0	0	3.2550368	0	2.9153361	1.8535199	4.933865	0	0	0.5617852	4.3014297	0.31068724	2.1646323	0	3.329435	3.1669915	3.2305424	0	1.882405	0	0	0	0	0.5005263	0.95784664	0	0	3.2245703	0	1.2830312	0	0	0	0	2.270194	2.3240283	4.446236	3.4589293	0.64695054	1.8156534	0	4.46044	0.28555024	0	0.57121277	3.2237358	1.0145209	0	3.8304029	0	0.058726966	0	0	0.02941513	0.21235272	2.2005842	1.7109182	4.142934	0.40016675	0.17758733	2.2523298	0	0.33927602	0.44619143	4.4573727	0.10231614	2.876926	0	3.4568076	0	0	0.14451796	0	0.9730716	0	0	0	2.6173606	2.4699183	4.0046425	0.39054698	0	0.9294776	0	1.4562685	0	4.1976047	2.5335479	0	0	0.24819934	0	0	0	0	0	0.27367365	1.9308348	3.9044185	0.16966398	0	4.341415	0	3.5800858	0	1.5384023	0.85874677	0	0	0	1.5130444	1.0771816	0	3.3496253	0.68518674	3.5772004	0	0	2.7691495	3.648869	0	0	1.0865886	4.3260326	3.7221687	1.7994382	0	0	0	1.8182888	0.6275024	0	4.822628	0	0	1.7264035	2.9630823	2.8570838	4.8081007	2.4797406	1.2364342	1.5730884	3.2319062	3.8504567	0.43259698	6.3935685	0	0	1.4942191	3.18037	2.909039	0	1.2206397	0	0.20615137	0	3.5308352	1.0227816	2.0013943	2.7308013	3.689219	0.6069004	3.359253	0.38935012	0	0	0	0	0	0	4.8056045	3.3514585	0.54685163	0	3.088921	2.5205607	3.9160447	0.67497903	1.5536757	1.9557436	1.2224505	2.3787677	0	0	0.9744395	0.17248762	0.6427733	0.55881095	0	2.8892527	0	0	4.224638	1.228794	2.5966296	0	0
HCC38_BREAST	2.7818902	0	0	2.6478164	3.047927	0	0	2.4829276	0	1.2831532	0.5723324	0.14941227	0.41333556	1.9226457	2.1756248	1.1197164	1.1441005	0	0	3.3794975	0	0	0	0	1.193788	1.2412022	2.228163	0.44629908	0	0	0	0.45413977	0	0.8122456	0	0.95962954	1.4625933	2.4803038	0	3.663487	0	1.0382706	0	1.2468271	2.4798684	0	0.23616835	1.5124043	0.7236248	0	2.4498878	0	0	0.9365686	6.3153076	5.951943	0	1.5393822	1.8550372	0.47577596	4.6225853	0	1.6273277	0.029552102	2.2862551	0	0	2.865184	0	0	1.4695771	0	0.46954262	2.506992	0	0.57733417	2.82798	0	1.5968266	0	1.9639157	0	0.6456045	0	0	2.7451048	1.1684104	0	0.5959539	5.066085	3.8162632	2.1073177	0.87120044	0	0	0	0	3.5096292	0	3.0100331	0	4.8238006	1.7003412	0	0	4.0123296	0	0	1.8856838	0	1.2490542	0.5318137	0	1.2718025	0.22723329	0	0	0	1.6040092	1.0311912	1.5720685	5.9165053	0	0	3.6914625	0	7.0877266	2.2126565	0.14498687	0.72888744	0	2.4764166	0.8703242	4.7786245	0.63559705	1.8800597	0	0	0	0	4.7427497	2.2849927	0.35066986	0.5826528	3.6092916	0	0	0	0.7356602	0	2.9508262	6.0299153	2.2263372	1.7079213	0.18014377	0	0	3.4932227	0.03508914	3.1396093	0	2.6413112	0	0	1.5708666	0	0	0	1.1931663	0	1.1679302	3.45814	0.41654992	3.4495325	0	1.7926731	0	0	3.067203	0.4441383	1.7552347	0	0	0	2.2619734	3.5279682	0	0	0.62359554	0	0	2.4313753	2.0807061	0	0	0.29363889	4.2085094	0	0	0	0	1.1889193	0	0	3.0578325	0.8437232	4.236801	2.6800964	0	0	1.2464365	2.4516168	5.490997	0	0.20320502	0	0.21032482	1.4819744	1.280707	0	1.7829759	0	1.0369489	4.487628	0.893641	1.8177844	0	0.5451549	5.046034	0	0.08158022	5.234513	2.2408552	0.15431595	0	0	0	1.9051216	0	0	0	3.0724015	4.8096757	1.8172922	0	0.40099907	0.39371848	0	0	0	3.2820463	0	0	0.85275507	0.46609843	2.5226653
HCC70_BREAST	3.0620363	0	2.8019705	2.0498736	0	1.110805	3.1410198	1.4163105	1.3143303	3.8657165	2.6446242	1.0662487	4.9489064	0	0	4.2427354	3.3094628	3.3793933	0	1.2532113	0	0.5488409	0	0.7488782	0	0	0.082731724	3.3259234	0	0	0.7765266	2.0424988	0	0.6344605	3.58749	0	3.3062022	0	1.870823	3.6500633	3.5835128	0	1.2281089	0	2.8684635	0	2.4428601	2.9660754	0	2.727757	0	3.0089889	0	0.29595244	0.28963196	2.9160407	0	1.9667584	2.9139595	3.7535594	0	0	3.2200656	0.87294364	0.30717847	2.7140503	1.6785297	0.2529922	0	0	0	0.95818806	1.4967526	0	0	2.033623	2.6803932	2.96239	2.4029942	5.7233124	0.9132694	0.7913996	3.062771	5.736129	4.1091967	3.7406337	0.6384388	2.8693385	0.45590508	0	2.645658	0.93183964	2.2514806	0	0	0.10363734	3.3080442	0.21762234	3.8117461	1.5675144	0	0	0.4636373	3.6361938	1.487277	0	0.4755146	0	0	0	0.29682907	0	0	2.056452	0	0	0	0	3.1790185	0	0	0	3.188192	0	0	0	0	1.458863	3.7419014	0.22096646	0	0	0	0	0.15269773	0	1.1040626	0	0.062048882	0.16915224	3.9342203	0	1.0918319	0	0	1.70715	3.305672	0	4.103796	0	1.1608866	0	2.0512085	1.4323454	0	0	5.068096	0	0	1.5052795	0.74898833	0	2.1553094	0	4.6049786	6.618409	2.4576902	3.545249	3.8100808	1.9332333	2.8557801	3.1510086	1.3423088	0	1.3183924	1.3289299	0.07192123	0.40011752	0	3.5463734	0	0	0	0	0	2.0449398	4.0181503	3.8176339	0	0.26536995	3.1289706	0.5989249	2.3541636	3.5774539	0	0	5.421463	1.0756671	0	0	2.4103103	0	0	3.8944685	0	3.5200596	0	3.5203383	1.7291574	0	0	2.1149087	4.513432	0	3.0321574	4.6334577	1.7474279	2.9021099	0	0	2.1244485	1.8971627	2.3420193	4.0340557	2.5701575	3.1166713	0	2.1183877	4.059216	1.3595899	0	1.6396835	1.7159455	0	0.47041076	0	3.6908224	0.4733613	0	2.9399128	0	3.9374692	0.95128214	1.7707559	2.1292577	0	3.628325	6.3953695	5.2470183	0.61043274	1.0670043	0	0	1.1842642	0	1.8358793
HDQP1_BREAST	2.5730395	0	2.3315613	1.7899842	0	0	1.6589832	0.12577337	0	2.8979483	1.0831603	0.2885775	2.8745127	0	0	2.777949	2.1909957	2.4510896	0.85979605	6.1058416	0	0	0.6611786	0.54892045	0	0.6620783	0.3790204	0	0.026334345	0	2.6522372	1.2678263	0	0.7765293	1.840587	1.1476605	4.271309	1.2422407	1.092497	4.984243	0	0	0.43964386	0	1.6604713	1.4553945	1.7973204	2.637768	1.3802205	0.39883167	0	2.177732	0	0	2.5675979	1.789165	0	1.7013977	1.5431352	3.9938228	3.1865683	0	2.3528762	1.2533404	0	1.9123297	0	1.6028633	0	0	0.040377617	0.029108465	2.7033668	0	0	0.03332318	2.4785876	1.3374882	1.7362473	4.5012507	0	0	2.6611168	3.3611	5.392173	2.4284878	0	2.5941625	1.3584352	0	5.2537947	2.5210884	1.637423	0	0	1.368957	1.9288676	0.60764563	1.6789576	2.7518067	0	0.744015	0	2.0222197	2.2314801	0	0	0	0	0	0	0	0	1.6151484	0.8673142	0	0	0	2.5968175	0	0.52398133	0	1.2818683	0.7584652	1.3998587	0	0	1.1995714	2.2446873	0	5.710737	0	0	0.97163117	0.9024902	0	0	0.22992921	0	0	2.3582296	0	0.6694204	0.21201253	0	0.10307598	4.9346347	0.4808848	3.3487258	0.66740316	1.5302117	0	2.277294	0.7121487	0	0	5.0616884	0	0	0	0.91367114	0.2878458	5.3405137	0	1.2558235	3.8390076	0.91735816	0.9804938	3.8320696	0.690294	2.8853908	0.77609205	0	0.18527853	2.442229	0.13634038	0.275404	0	0	1.4372244	0	2.5386105	0	0	0	1.0197822	3.7557297	0	0	1.456176	1.4678556	2.3998294	0.92266583	2.9462507	0	0	6.088496	0	0	0	0.19715011	0	0	2.4227662	4.890449	2.6848757	2.3758357	2.169608	1.0020899	0	0.79297316	1.6243731	4.482724	0.15976804	2.2330973	3.7170076	0.6597244	2.0351517	0.80803764	0	1.5976253	0	0.42546847	3.4324584	2.072171	1.2887806	0.40051186	1.5947907	0.63059294	2.201034	0	0.10956669	1.4309404	0	0	0	3.5932047	0.058726907	0	1.3863361	0	1.9220271	1.1482592	1.5894198	0.29922044	0	1.6309422	2.048913	3.2970188	0	0	0.39096892	0	1.3859364	1.9850533	0.5335525
HMC18_BREAST	0	1.520654	0	1.0857859	4.05718	0	0	0.3346352	0	0	0	0	0.75974154	0.76695555	2.4930568	0.5195857	0	0	0	2.3195736	3.5713573	0.34936988	1.4934618	1.2602818	3.9997406	3.9566946	0	0	0	1.5637422	1.033092	0.92442214	1.9619477	0	0	0.4484727	0	2.84373	0	0.22297025	0.09375656	0.31346178	0	1.8785537	0.8832061	1.710794	0	1.2838111	1.175389	0	0.98081404	1.02311	2.5708818	1.4169192	0.7958702	0	1.9000759	0	0	1.5524564	2.8840065	2.3771992	0	1.5455607	0.28109717	0.9982552	1.0854295	0.5864422	1.5210083	1.4219899	0.75681686	0	2.0586925	0.6017432	1.9861879	0	0	0	0	0	0	1.7123045	0	0	0	2.2075622	0.000805736	1.5222983	0.71574384	0.5402905	0.08046746	1.1976044	0	0	3.2904508	0.19954038	0	0	0	1.8076034	0	2.4251223	0.4405995	0	0	1.6498802	0	0.82408327	0.05140567	3.0110166	2.0244865	3.5083373	1.2497325	0	3.0606294	0	2.4146085	1.3645039	0	1.3072779	2.699614	0.5731506	0	1.3481469	2.607458	1.40556	1.5847715	0	0	1.3293251	3.5468187	3.249242	2.14192	1.0137421	0.7216259	1.2538779	0	0.5182438	0.84631747	1.0643355	0	0.43254638	0.9814373	0	0.47978094	1.4994838	0	0.09027004	0	3.1475656	1.4280167	2.1142468	2.4371564	1.4949088	1.3468127	0	0.5833477	0.38233757	0.34848592	0	1.5231538	2.4932694	1.5372882	0.8526027	0	0	0	0.34096396	0.13531137	0	0	2.2244115	0	1.014798	0.5859433	0.71450067	0	0.70849884	0	0	0.2255578	3.4012814	0.99402666	1.2189941	0	1.2455502	0	0.21638544	0.45084888	1.1002152	0	0	0.4034655	0.443924	3.5306187	0	1.0302114	0.6421516	0	3.3187268	0.39791584	3.4384348	3.056458	0	2.29256	0	1.3827837	0	0.47117615	2.536177	0	0	0	3.6482043	0	1.5621042	0	0	0.46408167	0.03537512	0	0	3.081202	0	0.47320437	0	2.5669544	0.47463405	0	0.44505847	2.8544257	0.72750103	0.07587409	1.9099205	0	0.5439459	1.2563231	0.8545867	1.2014707	0.14070794	0.828797	0	0.6100496	0.10125038	0.8295684	2.443357	0	0	0	0	0	0	1.5191272	0.9390056	0.9781669	0
HMEL_BREAST	1.3679678	0	0	0.6163826	0	1.1892424	2.0398426	0	0	1.1884274	2.5073662	0.02858904	3.4161704	0	0	0	0.35567865	0	0	5.350647	0.3239534	1.1894562	0	0	0.4447484	2.4100704	1.5332835	0	0	0	1.6741352	0	0	1.896015	1.6241297	1.4140522	2.6728256	0.9096845	0	4.8779974	1.8122287	0	0.49138582	0	2.2669973	0	0	1.9999442	3.519105	0.7289322	0	1.1896489	0	2.8679414	1.5474207	2.203193	0	0.46727592	0.5774504	1.1856418	1.4952246	2.343375	1.6953582	1.8237616	0	1.2720174	3.1104941	0	0	0	0	1.2355314	1.9438709	0	0	1.5730668	0.74925244	0	1.8050168	3.0558932	0	2.0356479	0	1.7044601	1.2974639	1.8587971	3.9913085	0	0	1.4735765	1.9219644	3.791017	0.45939112	0	0	0	0	0	0	5.5650444	0	1.9588691	1.8869822	0.5425792	0.3997696	0	0	0	0.28228486	0.30067107	1.3920919	0.5512539	0.4901898	0.62047136	1.7269323	0	0	0	0.8475985	0.19341075	0.686189	1.1028693	0	0.09855676	1.7111351	0	3.4880083	0	2.8307796	0.4983443	0.788951	2.6501172	1.9004803	1.5102868	0	4.8839455	0	0	0	2.2787905	0	1.8582443	2.5546982	0	0	0.3451929	2.7077508	2.570769	0.47333044	0	0.28596866	1.2978687	2.3540525	0.9579103	2.5673995	0.20805341	1.6134796	0	0	2.0000415	0	3.1331763	3.64404	2.248158	0	1.7176327	0	0	2.8922863	0	0	4.251221	0	2.9467907	2.174086	2.3571293	1.3275745	0.7225224	1.0232277	0.7207281	1.6208365	1.5664296	0	0	1.5202768	1.0432689	2.8814785	2.008249	0	0	0.98211086	0	2.0748327	3.6828115	0	0	1.5754092	0	0.17753589	0.30154037	0.85587347	0	0.36473957	0	3.9610262	1.0582733	3.162448	1.6949852	0	0.4689715	1.434789	0	2.730764	1.151375	1.1811047	2.0589514	0	0	0	0	0	0	2.9866436	3.2880192	1.7365115	0.72240674	0.13245963	2.1952603	0.613045	0	0	0.3946842	1.186553	0	0	0	0.9647791	0	0	0	0	1.7225437	0	0.24054468	0	0.7903333	0.14926398	1.4463676	0	2.0862582	0	0.56419843	2.2955291	0	0.25699627	0.2590568
HS578T_BREAST	3.5251288	1.9333596	1.7383697	3.3271494	0	0	5.8028774	5.350464	1.4673483	5.2658715	1.1954192	0	0.42437685	2.985589	0	0	1.4266086	2.5365503	0	0	0	0.11121756	0	3.7183537	0	0	0	3.2434561	0	0	0	4.74543	0	2.3539617	6.2683573	1.1588329	0	4.628777	3.4722157	2.097939	0	0	6.104732	0	3.1770742	3.4907203	2.8951232	0	3.4108386	0	0	2.2631452	5.909674	0	0	7.940325	3.306945	6.319945	2.507667	5.3583164	7.5764112	0	3.8814323	4.508699	3.815534	0	5.6185827	2.8550303	0	0	3.4979174	4.5084205	1.0468978	0	0	2.046945	2.9296045	2.4648883	0.16432184	6.292622	5.317173	8.657737	2.2221384	0	0	4.337691	0	0	3.872416	3.5724516	2.0244007	0	4.411516	0.034954563	0	0	2.693619	2.125148	4.6780834	0	0	1.8704892	9.631186	0	0	0.62817967	2.051233	4.5838037	3.8717854	7.9162264	4.333832	0	0	4.412884	0.6821478	0	0.29834056	0	2.3872051	0	5.063989	0	4.166526	0	0	3.0212767	3.8738666	0	0	2.7520947	3.7222521	8.380945	0	0	4.516642	0	0	0	0	1.0462942	4.547729	0	4.7779183	0	2.313826	3.0016382	5.8825727	2.0979605	0.5777031	2.057754	2.29777	8.403687	1.0461153	2.9011574	0	0	0	0	0	0	0	3.65239	6.061695	0	6.4922476	0	4.228093	0	0	3.570465	6.0674305	5.159512	0	1.992205	2.0367386	3.9192884	0	0	0	0	3.0864017	0	8.4210205	0	3.9378672	0	2.6079319	0	0	3.9324563	4.7732973	5.0712643	2.5932386	3.4033525	0	0	0	0	0	0	1.9936216	0	0	0.75128746	7.640606	1.8804319	2.7351267	7.93675	1.9297471	0	5.2548027	0	11.503872	2.9861898	5.4151554	0	2.0136664	3.0428245	2.577536	0	3.9249616	0	0	3.6932588	1.6846788	2.7966688	0.7614492	5.9183226	0	5.4171343	0	0	3.8951209	0	0	0	0	2.0818481	0	4.503239	0	5.63908	0	4.718608	3.1240144	0	4.532304	0	4.660691	1.3065723	7.4448667	0	0	0	0	4.9409976
JIMT1_BREAST	0.47799337	0	0	0	3.007958	0	0.8616326	0	0	0	0	0	0	0	6.465254	3.8522677	0	0	0.029507995	5.4380646	0.8679896	0.8334719	3.2877135	0	0.32669938	2.079039	2.580011	0	0	0	1.501198	0	1.1872075	0.85021317	0	0.5876577	3.1560462	1.0308273	0	1.0689615	0	0.03468561	0	4.2829056	0	0	0	2.9819212	1.5177484	0.52544665	1.1158372	0.47483063	0	0	5.2184353	0	2.8105993	1.8408638	0	0.96424985	3.120954	1.0177839	0	2.0956101	0	2.1205413	0	3.5706348	1.0793979	1.2741745	0.7169692	0	0.8522949	3.4862578	0	0	1.2359872	0	0	0	0	0	0.45153722	0	3.888563	0.95869064	0	4.165738	0.68182427	0	0	1.0282092	0	0	1.4753766	3.6094384	0	0.98755056	0	1.3703961	1.185846	4.3041477	0	0	2.4565225	0	0	0	0	0	0.9771815	0.025247097	2.079658	0	5.36213	2.7242415	0.21634197	0	1.9401686	0	0	0	0	0.3822881	3.5874996	0	0.32823676	0.43326348	0.3479367	0	7.176795	0	1.759404	4.4333463	0.25246072	0.76684046	0.37985736	2.731899	0	0	0	2.9525151	0	1.3332144	1.0260404	0.32851255	2.7398171	2.1667576	0	2.629149	0.15308714	1.8141769	2.2973423	0.4445062	2.425478	0	3.389351	3.488546	0	0	0	3.2842083	0	1.1385994	0	0	0	0.58234537	2.5806146	0	0	0	0.75178266	0	0	0	0.32819116	0	0	0	3.0888288	2.5059657	1.6233449	0	0.22077674	4.1511874	0.98554283	0	0	1.4063438	0	0.11148167	0	0	1.2559735	0	0	0	0.021503687	2.1418061	0	2.4535515	4.6377535	0	5.3038387	0.18761086	1.8912737	0	0	2.1515956	2.9902103	0.6277566	0	0.40323287	0	0	1.9044495	0	0.6988984	0.9428133	0	0	0.39942688	1.1644189	1.1871501	0	1.9813297	0	2.189124	0	0.012923121	4.259294	0	0	0.4297567	1.1132891	4.0068517	0	0	0	0	0	2.7790906	0.38902774	0	0	0	0	0	0	0	3.232937	4.6124725	0.80218315	0.032299876	0
KPL1_BREAST	0	3.8206377	0.883885	0	2.8062792	1.1546389	0	0.2638188	2.2409148	0	0	0	0	2.5614166	0	0.92250615	0.5783315	0.44718772	1.2900542	2.673772	1.6097207	0.25963128	2.5714529	1.6490033	2.7919955	0	0	0	1.433703	1.265719	0.70197296	0.87059385	0.6610296	2.9056106	0.08076745	0	0	0	0.4615566	0.3943982	1.2374196	4.4484577	1.7641537	2.3633866	0	0.59242904	0	0	0	1.7748863	1.6861508	0.73112714	0	0	3.1035805	1.3140368	2.8144577	1.0482175	2.3719258	0	1.4027656	2.6295605	0	0	1.6699505	0.36773586	1.1306388	0	3.0503063	0.91380495	2.326838	0	3.744464	2.2586699	1.1729269	0	0	0	0	0	0.31535172	0	0	0	0	0.10949126	0	3.655	1.1748562	0.8103378	0.42900395	0	0	0	4.8910313	1.1288545	0	0.44571233	0	0.5289045	1.1172076	0	0	2.1896706	3.4282641	2.0098119	1.2048619	1.9709963	0.8288038	1.7978308	2.0439665	3.2923977	0	0	0.21292326	0.3880546	4.155511	2.2896159	0	0.81279624	6.5746183	0	0	0.87120545	3.9247878	1.3210208	0.15146086	0.48403972	0	1.172778	1.1741437	2.0231116	0	0	0.62721175	0	0	1.9632851	1.3216741	0.2611773	0	0	0.43926138	2.3271213	3.2646914	0	0	0	1.8108618	0	0.8179789	3.7343056	0.4247617	1.4063919	0.03269905	2.5406787	3.1549897	0.5057639	1.8853285	0	4.7029195	0	0	0	0.50989544	0	0	4.5653954	0	0	2.0689454	0.86494684	0.86552453	0.49009025	0.29785344	0	0	0	0	0.8530206	2.614804	0	2.7739394	3.8456788	0.5613914	0.75429547	0	1.628459	1.0657041	0.7750778	3.6311607	2.424732	0	0	5.892288	2.7484367	0	0	0	0.5688777	0	4.0034027	1.3514743	0	0	0.18802023	3.1989708	0.4145674	1.6079452	0	0	1.2347142	0.84178215	1.040312	0	0	1.3568454	0.46244884	0	0.7825056	0.47924322	0	0	0	0	0	1.7638509	0	1.0481542	0	0	3.9574063	0.80591184	4.1302357	0.14354768	1.842734	0	2.1400833	0.6233864	0	1.3416536	0.82573044	2.8391547	0	0.7066046	0	0	0	0.363145	0.62408626	1.1772109	0	1.4811655	3.7364013	0	0.5354825
MCF7_BREAST	1.9532144	3.003991	4.961333	0	0	0.30289727	0	0	4.8618336	2.8187003	1.0641006	0.57656693	0	1.0356827	0	4.122792	2.0884144	2.9623737	3.4913108	6.3859797	0	0	4.897181	3.8587456	3.5384192	0	0	0	2.3623292	0.085638165	4.813052	0.777425	0	5.151789	5.44168	1.4906359	0	0.16481745	2.230421	2.4516912	0	3.918518	5.957126	3.569773	0	3.4838972	1.3383185	0	0	2.6588583	2.8267336	1.9021854	0	0	1.7055883	0.7360468	5.518842	2.6791592	4.3782125	0.18521214	0.9249042	3.7962117	0	2.0952826	1.8267406	4.548211	1.774028	0.06243509	3.7472072	0	1.4520342	3.1175857	3.177052	6.094557	0	2.3181543	0.10488176	2.5807674	0	0	0	0	3.5335462	0	2.6487486	0	0	2.3859482	2.4795842	0	5.839243	0	1.9152651	2.883171	6.244377	6.2373395	3.9518197	0.019204855	4.225564	0.17070028	3.5597978	0	0	5.4126706	9.17292	0	2.397563	4.5495715	2.157293	0.37684184	0	0.6349429	0	1.6082172	0.39451134	0	0	3.9352343	3.9555545	3.0925748	8.768797	0	2.2721138	1.6116188	3.1568034	1.952168	0	2.5996194	0	0	2.1836684	0	0	0	1.2187519	0	0.2975775	3.8787189	2.8430014	0.1447442	3.6610813	0	1.0907376	1.1575075	3.238863	2.3371363	4.6438174	0	2.0007994	0	0	0	0	0	0	4.183711	7.8355665	0	0.019138325	0	7.6034713	0	5.7297525	0	0.45382679	0	3.8379574	4.9284234	0	2.3141584	5.1998854	1.0378764	2.2474446	5.879356	7.358246	0	0.6724339	0	0.94355243	3.596589	6.920699	0	3.2396798	5.647212	1.0125303	0	0.0974676	0	0.6333673	2.575504	5.5026236	4.4486246	0	0	4.644724	4.8387733	0.30798388	0.43883044	0	0	0	5.504031	4.904127	0.088225126	5.482748	4.3136115	3.076879	3.6562896	5.813386	0	0	3.2476327	3.724826	1.1924716	1.5618331	2.235286	4.123808	1.5208259	2.8602104	2.0172877	2.309984	0	0	0	0	0.44765007	1.211304	0.11767197	0	5.205424	0	3.9121976	1.0302904	4.3373165	1.9373176	3.2470794	0	0.835199	0	1.7622303	3.0470054	3.4597442	0	1.1670219	1.7585412	0	3.42906	0	3.1111383	0.10902369	2.6776228	2.229551	0	3.1835287	0	2.1404355
MDAMB134VI_BREAST	0	2.3089318	4.275375	2.4701266	0.51681876	0	0.99971986	0	1.5195363	0.36246008	1.5431231	0	0.017924547	0	5.9098344	0	3.9804516	0.1918726	3.5659177	1.2446624	0	0	3.912415	3.1413658	5.028585	2.1331296	0	3.0483994	0.24511176	3.2168736	0	1.6519	0	0	2.774074	3.4250407	0	2.0082915	2.3465514	0	0	0	4.9366198	4.071252	0.048969805	4.1657534	0.8514446	0	4.2726855	0	0	1.5483719	6.726493	0.3495161	0	0	0.9552135	0	0	7.1977205	4.811011	5.882496	0	2.8566217	0	0	0	6.762385	1.6281157	0.54565775	0	3.7001953	0.451689	1.8793385	3.2334557	0	1.0088981	1.0818391	0	0	0.047719777	4.09752	0	0	3.2068202	0	0	3.5258539	1.4328003	0	1.3808105	3.94278	0.5941464	6.996014	0.27041006	0.9624879	4.0178423	1.0498202	3.3652616	4.8862314	0	0	2.7931452	1.096285	4.067591	0.9330734	1.9522462	3.0384903	0.90465355	1.2804444	0	4.6381755	1.5874423	0.36958927	0	0	4.4338894	1.7758296	0	2.570655	0.7822892	8.425013	2.6542735	0	0	5.062975	0	0	3.1059585	3.0291038	1.4293165	0	0	0	1.5863068	0	1.8478627	3.7745495	1.6087941	5.303203	3.872064	0	2.6325872	0	2.0833194	4.20757	1.9294665	0	0	2.970155	0	0	0	0	0	0.24579245	3.4986997	3.3178928	0.15893665	3.4225101	3.6427107	0	4.1654954	1.7822737	0	0	2.076343	0	1.0817662	1.3924844	0	0	0	5.3797398	2.89783	0.9598987	0	2.9903574	0	0	0	3.188765	2.4994447	1.2434151	0	0	2.2473214	0	0	0.11748272	0.6221031	4.5502095	1.5340087	1.4580975	1.6520708	0	1.7376738	2.1921058	0	2.2220223	4.254585	1.1233685	5.7930093	0	0.14520895	0.4510517	0	0	4.3771105	0.56266654	0	1.5797216	0	1.5076556	1.5270065	5.9749002	0	2.977947	2.0203867	0	1.4863167	0	0	0	0.6719549	0	0	1.7944772	0	5.9409595	0	0	1.1981821	4.708978	3.631051	0	1.032861	0	5.559491	4.002409	0.91953385	0	0	2.0836442	1.9615072	0	0.61055243	1.5605825	3.6064618	1.9506543	1.4011205	0	0	0	7.61043	2.6345801
MDAMB157_BREAST	0.44968468	5.7939444	0	0.4036706	4.7727394	0	0.5576966	1.0000305	0.6900972	0	0	0.36226168	0	0.8071046	0	0	0	2.1527834	2.3675938	0	0	8.696185	0	1.3330438	5.898054	0	0	0.7347251	2.5963242	1.4592478	3.9648554	0.5705434	2.722878	4.721896	0.16741055	2.417087	0	3.7472823	0	0	0	6.9842496	0	0	0	1.9927899	0	0	0	0	2.2548788	0	0.31823575	0	0	0	3.032323	1.089513	2.1258864	0.7715156	5.472167	0	0	0	0.5344032	0	2.259365	0	4.0283866	3.9621403	3.56849	0	3.2702055	0	3.499574	0	0	0	0	0	5.942297	0.4166399	0	0	0	0	0	0	1.713623	4.2833924	7.8762274	1.2984757	0	0.5909212	4.4004736	0.23569661	0	0	0	3.1037273	0	4.1285586	0	1.7771082	0	0	1.9044204	5.0838313	1.3305991	4.928876	5.3082023	3.608258	0	0	0	0	6.482195	3.1944287	0	1.7359095	4.850988	3.2906413	0.29555058	1.5988545	0.85528183	1.4732513	0.6442595	0	0	3.7809353	7.769163	5.292032	1.5709281	0	1.7176749	0	0.87996274	0	0	0	0	0	2.0755568	2.8987393	1.2959309	0	0	0	0	2.7152512	1.5710012	4.626809	0.24634135	1.822644	2.3920274	1.0556241	0	0	0	0	5.5902324	0	0	0.83834624	0	0	0.29723167	0.454764	0	0	1.7107286	0	0	0.7677976	0	0	0.33283544	0	0	0	0	6.15825	2.5200438	3.972021	0	0	0	0.09690984	2.4663792	2.3852654	1.308312	3.55331	0	0	6.4646196	0	0	0	0	1.8310304	0	2.5264144	2.261995	0	0	0	4.5186515	0.4471029	0	0	0	0	4.529366	0.44101578	0.84084713	0	0	0.06290564	0	0	1.5980723	0	0	0	0	0	3.6123931	0.75466526	0	3.1686964	0.5651131	0	0	7.818795	0	0.3018955	1.0590042	0.71951014	4.352735	0	4.508844	0	0	1.5268185	0.5354161	0	0	0	0	0.8422427	2.4077282	0	0.29195964	0.22679353	3.5486574	1.7407656
MDAMB175VII_BREAST	0.23874985	0	0.02770695	0.04058659	0	2.534722	1.4083636	0.47815877	4.5978003	0	3.9171896	0	2.257053	0	3.3391397	2.2007904	2.6280885	0	2.6620533	0	0	0.29400432	0	0	0	0.8491532	1.8402698	3.9837637	0	0	0	0	0	0	5.492005	0	2.471692	0	0	3.4841015	4.2725525	0	0.96783644	0	0.4405222	0	0	0.93572164	3.9465165	2.7826958	0.013841033	0	0	0	2.897718	3.1639588	0	0	0	3.7014897	0	4.4447174	0	0	0	0.9425307	0	3.5944943	0	0.042450905	0	4.6907763	0.41759026	0	0.16568321	0	0.73566484	0.38030624	0.34725463	3.5892832	3.278521	4.9762087	0.77198255	3.8799098	0	1.1651794	0	5.758547	0	0	0	3.7771432	0	4.9282494	0	0	0.14328277	4.192261	0.44112098	2.2219448	0	0	3.242189	1.3173797	2.779182	2.3550475	0	0	0	0	0.10804711	0.6817579	1.542373	0	0	1.0694652	0.5086198	1.0487864	0.48917383	0.8714404	0	5.255317	1.038705	0	0	1.2861276	0.8720707	2.4140801	4.4852247	5.877032	0	0	0	0.11094934	0	3.6429625	0.040951554	2.704742	0.36449453	5.805632	6.105501	1.423454	0	0	0	0	0	3.9310305	0.83282983	0	0	2.8193614	0.44250184	0	2.4430108	0.9036754	0.5023773	3.5307376	1.7510241	5.1329584	0	0	0	2.5967426	5.08802	4.27127	0.4621377	0	3.2387583	0	0	0.09238136	0.33920956	0	0	0.32939577	2.4206512	1.1443667	1.9712746	1.239466	0.8850541	0.32364225	0.45016706	0	0	0	2.9132688	0	0	0	3.5157764	3.8170204	0.025198102	3.1885576	0	0.940164	0.8788127	0.03174925	2.2373164	0	1.4016914	0	0	0.9967329	3.4061909	0	0.28124914	0.7350594	0	0	4.376377	0.51147836	0	0	0	0	1.5973337	0	0.38091326	0	0	2.4164329	0.8848454	2.6466992	0.27736932	0.32042184	0	0.2582333	6.033225	0.56412244	0	0	0	0	3.4167325	0	0	0	1.8578383	0	0	3.4214928	2.3007667	0	0	0.76699483	0.22128057	6.2507105	0.23657352	4.020838	0.098377585	2.5139306	1.1044234	0.21189833	0.8825655	0.6120299
MDAMB231_BREAST	1.7599905	0	0	0.15453017	0.8444918	0	3.4874606	1.7045002	0	0.74728656	1.109415	0	1.0373933	0	0.7564837	0.30659178	0	0.22677097	0	3.836515	0.30547577	2.811224	0	1.1973157	3.4459863	3.34697	1.0054771	0	1.2501802	0	1.9989989	0.05655086	2.1514769	0	0	1.4489756	3.1768148	4.533087	0	1.8515065	0	0	0	0	3.108049	0.43042672	0	1.7576236	2.5964465	0	0	0.97933954	1.7724196	0.9972366	0	0	1.3469281	1.7425369	0.94493484	2.5727098	4.9891706	0	1.1538739	3.2683964	0	0	3.2589598	0	1.0331235	0	2.0474596	0	3.9442055	0.19616437	0	0	0.38614297	0	1.9570551	0.80703634	0	2.2037537	0	0.13146234	1.2455237	0.35800803	5.320136	0	1.1398258	0.6992527	3.1266813	4.1428647	0.7480632	0	0	2.2567441	0	0	0	5.7884254	0	6.1266446	0	0	0	0	0	0	0.47774076	1.5464251	3.552981	0.8282635	2.0630908	0.39508227	0.70790184	0	0.52955055	0	0.85538465	0	0	1.980613	0	1.8246547	2.1945415	0	3.1447046	0	0	0	6.7334247	2.225803	1.2896765	3.4142325	1.3763059	4.888014	0	0.3584968	0	0	0	0.7151989	2.561139	0	0	1.6819208	3.945608	0.71478665	0.91070104	2.0296035	1.7184914	0.7053363	3.1645012	1.839966	4.1758795	0	0	0	0	2.077035	0	3.9382534	0.041995287	3.2369623	0	0	0.20491481	0	2.1790972	0	0	0.8700663	0	2.9482985	4.0506487	2.906225	0.568899	3.2221947	0.9120221	0	0.52878857	6.42449	0	0	0.7034196	3.5340374	1.6827383	0	0	1.4951363	0	0	2.0971851	2.421384	0	0	0	0	0	2.0299182	1.315057	0	3.5994565	0	0.9100745	0.52959955	1.6167979	2.2580128	0	2.1727717	0.9978353	0	0.5578557	1.9687903	1.610275	2.2612894	0	0.6514441	0.6895763	0	0.5486408	0	2.538963	0.94100666	2.0939407	0	1.0850492	1.7722554	0.6256187	1.407928	0	1.4031701	1.4445698	0	0	0	3.417941	0	0.5845114	0	0	0	0	2.4776223	0.23044872	1.501812	0	0	0	0	0	0	4.4111795	0	2.9415107	0.82656455
MDAMB361_BREAST	1.209297	1.4263765	0	0	3.4525218	0	0	1.3752141	2.9374728	0	0	1.3471434	0	1.0981854	3.7116952	4.5115666	0	0	0	4.028043	3.4369593	1.6170853	0	0	3.0547972	0.39512166	1.320491	0	1.2245461	1.7355636	0	0	4.20365	0	0	1.5136106	0	2.0475612	0	2.6586123	1.0181111	5.2427025	0	0.46974272	0	0	0	1.1812761	1.394123	0	5.842118	0	0	0	4.6401777	0.30861628	3.1157634	0	1.3200594	0.17627633	5.8058343	1.0578053	0	0	0.10628188	0.958299	0	2.7172296	3.0549717	2.638817	1.6571946	0	2.3474247	2.2042122	1.228962	0	0	0	0.028155088	0	3.223859	0	0	0	0	0	2.4094913	0	0.034158766	0.77393794	3.0178046	4.420175	0	0.61473364	0	0.6488188	0	0	0	2.0958729	1.0252475	4.635598	0	0	0	0.7598566	0.4279949	1.2941152	0	0	1.1034305	0.7556546	0	0	0	0	5.57172	0.094738126	0.7656587	3.1613922	0	6.0772552	0	6.190176	2.4669397	1.4109068	3.7974613	2.8698554	0.011726856	0	5.662284	3.8243613	2.9186893	3.3577907	0	2.949738	0.5651685	3.5834928	1.3858045	2.314516	0	2.222649	0	2.4822688	2.3165915	0	0.2186997	0.87528086	2.3072658	0	0.07392156	4.300784	0	0	1.2447517	1.2978399	0	2.8648279	2.9704297	0	2.588322	0.28560024	0	2.0403056	0.38112417	0	0	0	1.4192142	0	0.7569073	0.19406617	0.86433107	6.120727	2.5255916	4.1431847	0	0	4.8618774	3.5652008	0	2.25735	0	0.6011938	4.7919893	0	0	0	3.118342	0	0.31405753	0	0.02989614	0	5.577407	0.75195026	1.6897361	0	0.67307967	2.8257926	0	3.6079993	1.596761	0	0.75470674	0	3.8850446	5.636637	0	0	1.3674226	1.2410454	0	0	0	0	0.37317812	0.005850732	3.2376513	0	0.46078128	0	2.5208344	0.8184742	0.31105506	0.49993223	0	0	3.7119865	0	2.0105095	3.9424706	0	1.0282949	0.09212616	0.16665077	0	1.781268	2.0261993	0	0	0	2.479443	1.4022013	0	5.1749015	0	0	0	0	0.5613655	0.41219175	4.2204733	0.06925821	1.6351007	0.016577482
MDAMB415_BREAST	3.0263448	0	2.962606	2.074482	0	0.93165815	0	0	1.6900725	1.834181	2.4367661	0	3.6401758	0	0	0	3.0820203	1.2814822	0	6.404584	0	2.3857598	0	0	0	0.9322353	0	2.6344666	0	0	0	0	0	0.21472883	3.6886163	4.8684874	1.7134523	0.49099416	0	6.2934556	0	0.59482586	3.27086	0	2.0372133	1.7338905	1.1782823	1.8602386	3.39637	0.77229834	0	1.8107584	1.4609674	2.450752	0.70409256	2.6165707	0	0	1.7726166	0.45209265	1.0095431	0	3.5343392	0	0	0	5.667146	1.8472848	0	0	0	4.5328617	0	1.106624	0	0	3.6714406	0.2561078	1.5835121	4.378399	0.8670149	4.782975	2.5721285	3.4705255	5.386198	0	1.8499153	0	0	4.486288	6.7740574	4.524127	1.0395608	3.3853374	0	0	0	1.0452454	2.203816	6.4904294	0	0.99505913	3.355141	3.4399912	0	0	0.25771087	0	0	0	0	0.09534061	0.2324351	1.1938282	0	0	0	0	1.6450222	0.38037962	0.18211764	5.23931	0.7662765	0	0	0	3.26536	1.3534371	5.100082	0	0	4.241504	0	0.38991314	0	4.2144923	0.32664657	1.8138561	0	4.0411277	4.535519	0	4.1503053	0	0	0.09114686	0	1.0877097	0	0	0	0	1.9398346	0	0.64293253	1.3129671	3.7525449	0	0	3.801024	0	1.2333277	4.772964	1.2315539	0	5.031064	1.6376162	0.36862922	3.700924	0	0.18749602	0.79102457	0.3951137	7.759467	0.3543125	4.7512293	1.5865695	1.8837099	0	2.0853686	3.0031345	0	0	0	0	5.028785	4.0086017	0.772763	0	0	0	0	2.3386874	4.079645	0	0	4.467802	0	0	0	3.3260832	0	0	2.8139777	0	2.7526064	0	0	0	0	0	2.6204185	3.5278022	0	1.6302004	0.8509844	0	0.042089745	0	0	0.58239657	0	0	3.1212807	3.4911413	2.0773435	0	2.9300697	1.3591635	0	0	0	1.3007176	3.1963224	0	0	2.182563	0	2.6780624	1.6414263	0.023684502	2.1081088	0	1.1274545	0	0	2.2346826	4.541592	0	3.5051455	0.69236934	0.7233195	2.2197485	0	5.292274	2.056041
MDAMB436_BREAST	2.6203792	0	3.877084	2.6778464	0.44864485	0	0	2.267173	0	2.788725	0	0	4.7224274	1.7965244	0	2.9134197	2.7107708	2.9256096	0	5.4089985	4.7383413	0	1.906857	3.4397697	1.4957398	0.19464263	0	0.61346734	0	4.1069803	0	3.236505	2.927809	0	0	2.1748574	0	4.6640987	1.9158441	3.2171197	0	1.842809	2.2702873	1.46492	3.0090942	2.0610852	3.3194873	4.5539293	0	0	0.092560604	3.9811904	3.1955805	3.1332922	0.13198936	1.6669626	0	2.733028	3.6958814	0	3.3919435	0	4.3553033	3.7776246	3.2895555	4.3389325	6.2428956	0	0	0	2.3074386	0	0.581946	3.975251	0	0	2.0888348	2.789188	0.5719111	0.6279129	0	0	2.0418797	0	3.3529427	2.0473757	4.174911	0	2.7103977	2.6141696	0.63901615	0	2.9785192	1.3275156	0	0	1.8531051	0	1.5347446	2.3884482	0	5.21838	0	0	0	0.25064316	0.91869324	0	1.4162529	0	0	0	0	3.0075455	1.2894151	0	0	0	3.246572	0	0	0	1.4110748	1.5517702	0.8624971	0	4.1865196	0	1.2714396	0	0	5.2210445	0	0.05261743	2.4204917	0.313225	3.8124034	0.9202994	0.6202439	0	0	0	3.3777494	0	2.9716163	4.9093313	1.8557482	0	0	1.1307178	1.5716431	0	2.017218	2.7542648	0	0	4.3131475	0	0	0	0	4.3782806	1.411847	0	0	0	0.9993868	3.2242858	2.54387	1.9257555	1.1762116	1.6851907	0.3536955	6.166849	2.8547642	3.7521112	0	1.1873027	1.7828536	0.24968278	0	0	0	0	3.7665854	5.659291	0	3.178672	0	2.4358478	0	0	3.0749328	1.0335677	0	0	1.4838777	1.480385	0	2.1315227	3.0176475	0	2.755612	2.881896	0	3.2846193	0	0.99344325	2.359784	2.3819404	0	2.7215638	0.22844644	2.5726523	3.5167506	2.5621378	0	2.9881904	0	0	2.1419806	3.3838165	3.720003	1.9826205	4.4626746	3.4303207	0	1.5460732	0	0	1.0363957	4.295945	2.3510263	2.5985186	0	0	3.9583957	3.4865787	0.7896868	3.6458242	0	0	0	3.3464112	1.9424039	1.0080988	2.2783866	0.8692601	0.6788367	0	0	0	4.9412174	0	0.5216449	1.7046194
MDAMB453_BREAST	3.0757453	3.114111	4.745728	0.876229	0	0	0	1.3425889	3.7029185	0.98029697	0	1.0693929	0	1.7765206	1.5253575	6.3625817	2.2060366	2.5318806	2.2322702	0.8841518	0.16343261	0	4.0786133	2.2012718	2.9887514	0	0	3.498802	1.9721451	4.6350994	0	1.3188839	3.0339518	0	0	3.4233384	0	3.6562183	1.3112652	0	0	4.3510294	2.8053663	5.5715127	0	4.0274305	2.5826976	1.7303759	0	0	5.1848974	1.1175388	4.8726344	0	2.7676594	0	1.4873874	2.1166673	2.686233	0	3.9796996	0	1.6141129	0.73501694	3.8629622	0.657161	0	4.5146403	0.66911554	4.8719187	4.5695667	0.5990893	0	5.532167	2.1240034	0	3.1749363	1.9173019	0	0	1.6941285	0	2.4544928	0	3.553148	0	0	0	2.6564677	0.6432272	3.115985	1.6413443	1.4150827	4.432979	0	3.5992804	3.0788386	2.0862038	2.9255342	0	2.9406698	1.8448694	0	1.0387541	1.8145711	0.14566574	1.4757068	3.7995572	0	0	0	0	0	1.9946613	0	0	5.3534794	0	3.234159	1.8879726	0	4.663318	3.3058972	3.3775582	0	2.2530134	0	4.766565	0.65661365	0	2.460915	0	0	0	2.0225585	0	5.866926	4.5511775	0.75406533	0	5.6565714	0	0	2.4457202	3.3488998	3.6049588	0.26105762	0	0	0	0.80095756	0	0	0	0	0.013108373	2.0878117	7.6163387	0	0	0.3006382	0	0	0	0.65841156	0	1.5066895	3.7504954	0	1.7294466	2.6246042	0	2.6978478	4.8048944	0.45558128	2.76216	0	0	3.098338	2.6169295	0	0	1.3804972	0.5279912	0.24151349	4.601503	0	0	0.9770276	1.4440457	0	6.2021475	0	0	3.5255363	1.6719899	3.1508188	1.1133517	0	0.39619792	1.4051342	3.641803	3.4553993	2.8555532	0	2.320987	0	4.3499455	4.6172695	0	0	4.8473234	1.3802356	0	1.1583285	0.065553725	2.0671136	3.2318554	4.9221787	0	2.2377641	3.0331864	0	0	2.1531115	2.348757	0	0	3.8701158	4.2082725	1.6621218	5.211105	0.8448958	5.1756964	4.025855	0	4.3979254	2.332924	5.3516126	1.5705186	1.2539296	0	0.59187746	4.178521	0.7452003	0.42462587	1.9824444	0	1.9419167	0	1.3151566	2.359207	0.860114	1.8394067	3.5299518	2.5016828
MDAMB468_BREAST	2.0936482	0.20642099	0	1.1344234	4.0527472	0	2.7120757	0.50956815	0	0	0	1.1764488	0.4526266	1.0080986	0	4.5328956	0	1.7254562	0	0.5340574	4.4239306	0	0.6090505	0.90525955	3.89423	3.5890765	0	0	0	1.4103699	0	1.1922185	2.7163966	1.9690714	0	2.7415624	0	3.5972006	0.05727312	0.9288516	1.6145926	0.71856356	0	1.8275332	1.4164557	2.8136039	1.3587902	2.958407	0	0	2.2625227	1.3923119	0	0	0.717483	0.028252423	1.5610421	1.3252895	1.1233587	0	2.602826	0	0.77580214	2.4043365	1.7372484	1.3920906	0.25572133	0	0.82538116	4.4213104	3.8296402	0	2.6108224	0.51983076	0.09826535	0	0	0	0.4312383	0	0.031692564	0	0	0.1809895	0.9826901	4.637432	0	0.20222199	1.540201	1.8389877	0	3.5078669	0.33567953	0	1.8368529	1.1511571	0	0	0	0	0	2.926358	0	0.5247354	0	0.40519255	0	0	0	0	4.5731826	0.71157	0	0	5.004052	0	0	2.0466046	0	3.4523978	0	0	0	3.4322805	1.5959531	0	0	0.42358893	0.91384435	0	4.4010925	0.71803856	1.1472607	0	1.0142063	0	3.440178	0	0	0	0	0	0	0	0.34828302	3.7128093	2.00465	0	2.1422431	2.0175192	1.4653766	0	2.4571896	2.3269868	1.0089287	0	0.34690595	2.2375536	0	0	0.38806945	3.0357533	0.40063632	0	1.4118215	0	0	0	0.1783123	0	0.28738153	3.124773	0	2.7283893	0	4.7374487	0	0	3.9334176	0.1153509	2.641278	5.3165817	0	0.16887963	0	5.6955748	0	0.7238718	0	1.7401481	0	3.016067	0.7352084	0	0.33492768	0	7.68935	0	0	2.3415112	0.14179498	4.665416	1.4126972	1.031555	6.8472176	0	1.2911476	0	0.66952467	1.7359796	0	1.2708551	1.2560244	2.7785258	1.5946312	1.6063137	0	1.8805734	3.455871	0.17666602	1.2410414	1.7713063	4.0029144	0.20738888	0.6980957	0	2.5325131	0	3.1946526	2.9420595	1.8232231	5.1367073	0.91947836	3.615993	0	0	4.18377	2.4545875	0	0	1.4537	0	0	1.0014126	1.7959863	5.4315515	0	0	0	0	0	0.7217983	4.547248	3.4577532	0	0.12969089
SKBR3_BREAST	0.77842	0.03556192	0.27419436	0	0.44380957	0	2.0279055	0	0.33594477	0	0	2.8902917	0	0	0	5.024996	0.03418702	0.3474802	3.5043716	0.8017498	1.8815589	3.3007026	1.3097353	0	0	0.51703876	0	0	1.5303154	3.1808395	4.1277833	0	4.9005375	0.02609396	0	1.5005505	5.0840006	4.20664	0	0	0	0.9085297	0	0	0	0.25110772	0	0.27808905	0	0	3.2977872	0	2.4739666	0.631001	0.75554127	0	0	0	0	6.7647905	0	1.3595254	0.28148496	0	0	0	0.39361548	0	0	5.4715796	0	0	0	0	3.4748795	0	0.7221905	0	0.514217	3.4956548	0.94655585	0.8605236	0.0674431	2.3658714	4.5805445	0	0	0	0	0.33159673	3.5201964	2.3404796	0	2.330406	0.06339359	0	0.7985256	1.2466582	0.38577855	0	2.7114325	0	0	0	0	0	0	1.480956	0	0.4655657	0	0	0.4453019	0	0	2.5221457	0	0.17303813	0	0.47943842	0	0.46384263	0	1.6705308	0	0.11420142	0	2.6516352	4.7359715	1.6319126	2.1386402	0	4.096522	0	0	0.36715508	2.2442558	0.9466286	1.6396449	2.751223	0.8264778	0	0	1.4868326	0	1.194814	0	0.866979	0.000292242	2.1811726	0	0.28594065	0	0	1.0451528	1.3436226	2.1572902	1.6475519	0	0	2.822495	0.1323207	0.3054074	0.4695419	0	6.060603	0	2.4355068	1.2438935	0	0	0	1.9674019	0	0.4472738	4.4483013	3.403743	3.3197687	0	0.08912325	0	4.6915197	0	0	0	4.959906	0.003575325	0.68485343	3.2831583	0	0	0	0	1.3605144	0.24221867	0	0.9257518	3.9712508	3.0354493	0	2.7569306	0	0	1.5584203	0	0.9749327	0.035992056	0	0	1.5990207	1.0094795	0.06329054	0	0	0	0.16027987	0.7466959	0	2.4598641	1.7778777	0	3.5098987	0.4714418	0	0.59748155	0	0.52285445	0	0.40461254	3.7655835	2.16156	0	0	0	1.6030641	0	5.725601	0	6.8091335	0	3.3195462	1.0589994	0.29119658	0.75654465	0	3.0564227	0	1.9644186	0.6801986	2.0673256	0	3.1110373	1.0940881	0	6.672358	0
T47D_BREAST	0	3.5520728	0	0	0.26348	2.4786248	0	0.55645496	2.6404696	0	1.9119853	0	3.1358297	0	2.6913414	0	0	0	0	1.8054571	3.7661307	4.662978	0.4533602	2.0673437	2.17664	1.0292618	0	0.7503929	0.20357573	0.5199047	0.6892457	0.02088809	0	0	1.9634033	0	0	0	0	2.0081558	4.4411817	4.6148868	0.7774127	0	0.81173694	0	0	0.51296186	2.5409486	2.3585548	0	0.7108636	1.6345409	1.9663343	0	0	0	0	0	0.40627766	0.97973007	6.2871833	0	0.028790772	0	2.1723478	5.6120234	0	2.1259043	0	0	3.0183682	3.2261019	0	2.8803432	0	0	0	0	0	1.7568944	6.234886	0	0	0	0	3.6251183	1.9158603	0	0	0	0.5566978	0	0.5134562	2.3385801	0.5244885	0	0	0	4.772051	0	0	2.9737842	0	1.4419956	3.603082	1.2854142	1.0670652	0.5893496	3.3899586	0.9635274	3.9017847	2.2111998	0	0	1.2084222	4.782769	2.2262516	0	0	3.267781	1.2187293	0.3554486	2.6337497	0	2.3314397	0.9769611	0	0	4.624471	0	5.2506065	0.9161619	0	0.041174233	4.1263757	0	3.9898705	1.2333963	6.1508985	0	0.34149092	3.0205786	0	1.4376762	0	0	4.418929	0	0	0	0	1.6743371	0.676522	3.1162286	1.795646	1.0789825	0	2.5688167	1.2968767	2.4712026	0	0	2.8833194	0.07307774	0	0	0	0.62617075	0	0	3.6350045	0	0	0	0	0.24548924	2.5182788	0.8796735	0	0	0.37281775	3.1398015	2.507511	2.5770595	0	2.439336	4.12788	0.38500464	0	1.8064793	0	0.39602888	2.8345234	2.7215936	0.5422921	0	0	1.2508479	1.1319534	0.23273155	0	2.5814884	0	0	0	0	0.26534408	0.078712344	0.34692836	0	0	0	2.9077065	0	1.8038757	0	0	0	0	0	0	2.5371046	0	0.24587375	0	0	0.5284021	0	0	3.4787135	0	0.06251508	1.3159294	0.62418014	2.4428499	0	0.37179	2.9585023	1.4147289	0.37882087	0	0.24762392	0	1.3097574	0.41873682	0	5.594283	0	5.5969715	0	0	6.3193817	0	0	0
UACC812_BREAST	0	1.9174938	3.9197032	0	0	2.1469378	0	0	3.5474825	0.21713775	0.04668522	0	0	0	0	0	0	0.8594634	5.2694616	5.039619	0	4.128211	3.8181906	0.14895672	0	0	0	0.02426979	3.3809292	0	5.466712	0	0	4.334817	5.5392118	0.8418795	2.9886844	0	0	0.20916462	0	4.084511	4.694738	0	0	0.94171274	0	0	0	3.7393608	0	0.1458112	3.1941638	0	0	0	0	0	0	0	0	3.931386	0.10042778	0	0	3.2151403	5.9776983	0	0	0.13615668	0	5.7998457	0	2.4974184	2.0000565	3.778046	0	0.8635001	0	3.146969	0	1.6656234	1.7282975	1.5472741	3.6440237	0	0	0	0	0.2783621	5.205306	0	0	4.115971	4.623028	3.1182718	0.067079425	0	2.534387	0.11296067	4.4610724	0	0.113131166	3.6334128	5.537989	0	0	3.3399315	0	0.7706281	0	0	0.31409204	0	0	5.0924997	0	1.6866739	0.09909338	0	5.472132	0	0	0.04307294	0	0.13497113	0	2.6633716	0	0	0	2.4640832	1.8077769	0	0	0.011204071	0	3.3203242	2.58327	4.546594	2.2141588	0	0.80021834	0.8397273	0	1.0645952	0	4.426611	0	0.70122725	0	0	0	0	0	4.1896887	5.914256	0	0	1.0923603	4.813295	0	6.0433764	0.44143772	0	6.38373	2.3412852	3.1354995	0	0.19887412	1.8903129	0	3.8426075	4.0896835	0.25903657	0	4.0237193	1.2076259	0	1.0757239	4.3637323	0	4.353547	4.374836	0	0	4.172489	1.6247333	2.431397	0	3.2828698	2.8510032	0	0	0.5759082	3.2274876	0	2.2273216	2.377241	0	0	0	2.8154972	0	0.44201338	2.7825456	0	0	0.5658519	0	0	0.15244633	3.2047846	0	0	0	2.9131782	0	0	2.7896445	0	0.7968277	0	0	0	0	0	0.30572128	0	1.1654762	0	0	0	5.5550327	1.592962	4.911292	0	0	2.49118	0	4.655315	3.0513568	0	0	0	0	2.4927573	4.2095823	0.6853614	5.758396	0	4.784628	0.10490847	0	3.5051906	0
UACC893_BREAST	1.446578	0	1.3834972	0	0	0.543787	0	0	1.1277664	0.11216766	0	3.5152435	0.3050804	0.8170586	0	4.6855264	0	0	4.392778	6.492609	0	1.2488165	1.8319664	0	0	0	3.0593724	0	2.1071298	0	4.6767035	0	1.7091861	1.4067106	3.1785092	0	0	0.4706331	0	1.8410182	0	1.2624866	3.2326195	0	0	0	0	0	0	2.1544917	4.215396	0	0	0	6.512269	3.8133142	1.8828652	0	0.99450666	0.6888919	2.4762406	0.4335791	1.2209468	0.6371467	0	1.5086714	1.5906222	2.1045046	0.10898161	2.520228	0	0	0	0	0.15134847	2.881538	0	0.51666963	0	3.3423088	0	0	1.4877639	0	4.1306973	0	0.65404713	0	0	0.2315628	5.6931014	0	0	0.50673485	1.70148	0	0	0.45878953	0.603264	0	4.090763	0.44151837	0	0	2.5433204	0	0	1.195494	0	0.6762067	0	0	0	0	0.30270875	2.5180383	0	0	0.8919286	0.6623189	5.350756	0.7308911	0	2.4924974	3.285972	0	0.4042262	5.8264036	2.327734	0	4.89494	1.0486159	5.366318	3.579264	0	0.051659532	0	0	0.69755536	2.903113	4.345659	2.9704762	0	3.5469904	0.21495563	0	1.8226297	5.6924114	3.3145337	0	0	5.522401	0	0	0	4.147625	1.798131	0	1.1652964	0	3.534536	0	3.8836699	0	0	0.99926066	0.54248667	4.899859	0.28888363	0	5.1601925	2.4577022	4.4785423	4.880916	1.1228778	1.6439602	3.7813249	0	0	5.6201215	1.6762877	0	0	0	4.015131	0	1.7994616	1.5611489	5.5901403	0	6.05841	0	0	0	4.462629	1.6786184	0	3.7409277	2.6085134	0	0	0	0	0	0	2.024186	5.4788966	4.2367735	0	0	3.1928349	0	1.942581	0	0	0	4.060232	0	1.0450165	1.8663919	0	0	1.1582983	2.2959392	0	1.0951735	0	0	0	0.3862466	0	3.0086617	0	0	0	1.7343818	0	0	0	0	0	5.231081	6.9349866	0	0	2.6558497	1.8118168	0.0187037	2.8303008	3.2459347	0.87399685	0.45913514	0	0	3.4600034	0
ZR751_BREAST	0	0.7739041	3.128367	1.7808372	2.144185	0.42867693	0	0	1.085485	0	0.045265257	1.2619962	2.0383916	0	0	0	3.1938367	2.2616725	5.4201336	0	1.9615307	0	3.6963618	0.57813257	1.8195814	0.34837565	0	1.8340011	0.051391244	3.9413385	1.1790012	0.8775326	0.17530847	1.5314459	0	1.7345936	0	0	0.65145564	0	4.7701025	5.5275874	0.4757557	2.5538354	0	0.8725003	0.39260396	1.962617	0	2.555225	0.54241717	0.7856808	0	2.5929906	0	0	0	0	0	3.4251583	0	6.7631783	0	0	0	5.016455	0	0	0	3.511026	0	1.088567	0.01621914	0	3.3908584	0	0	0.90992594	0	0	2.8589804	0	0	2.3189893	0.31286716	0.53357136	0	2.310049	0	0	0	0.15186672	0	4.815166	2.35643	0	2.7627156	0	0.8804482	1.3060611	1.5122876	0	0	0.7003368	3.4697194	3.0796757	0.62741095	3.3856502	0	0	0	2.1193538	0	0	0	0.8747573	2.244299	1.5043004	0	3.4169343	0	2.5759346	1.4776875	0	0	0.04433616	0	1.766113	1.8245695	4.224839	0	0	0	0	0	0	3.5078993	1.6316391	0.52623194	2.4468107	0.16675067	0	0.42659098	0.5318743	0.6537658	2.0733876	0	0	0	2.3095765	0.49948657	0	0	0	0	0.29618138	5.86383	1.7889497	0.53554547	0.86241174	5.2218447	0	0	0	1.1477301	4.70332	0	0	1.219394	0.67885125	0	0	0.6351375	0	0	0	0	0.83404124	1.6720948	0	0	0.84467816	0	1.9257381	0	0	0.060600698	0.7094065	0.68158185	0	0	2.1063304	0	0	1.1160905	0.8633104	6.1133413	4.505444	2.4912844	1.4775196	2.7529163	0	0.8593008	1.4872451	0	0.28539836	0	0	2.3103344	3.0287294	0	1.3649766	0	0.0635885	0.58145154	2.2832425	0	1.7554475	0	1.6039345	0.6625486	4.1021104	0.1202431	0	0.16002208	0	0	0	1.8658457	3.0261683	3.406365	0	0	4.3062167	4.5193872	1.3341389	3.5097916	0.94934285	5.2944245	1.2141584	2.198839	0	0	0.62269586	2.539486	0	0	4.2628064	2.4039738	1.3532192	0	0.18768632	0.5851331	2.048263	2.5771384	0.12200916
ZR7530_BREAST	0	1.396411	0.47378108	0.7144289	0	0.4529029	1.2892649	0	1.6928787	0.018211603	0.09890622	3.7127357	0.9920045	0	4.547666	0	0	0	0.41378236	0	0.20032546	0	0	0	0	1.1168066	1.4771341	0.8165102	0.2628706	0	0	1.8199047	0	0	2.7993445	0	0	0	0.251078	0	3.3372545	0	0.7488731	1.3809421	0.41086537	0	0	1.2171861	0	0	0.33479375	0	6.184728	0	0	0.46856418	0	0	0	0.032851577	0	1.6522933	0	1.7968479	1.2844195	2.7835894	0	1.8448832	0	3.6531718	0	3.128447	0	0	1.9672966	6.0729284	0	1.6697147	0.26812032	0	2.2853208	3.0307279	0.3230615	2.1293812	0	2.7146773	4.5009565	0.8822274	0	0	0	0	0	0	0	2.5819616	2.8454616	2.8507042	1.9728445	0	3.789237	0	4.170837	0.8931463	0	4.430973	0	1.2814052	0	0.15521854	0	0	1.2428076	0.11338531	2.3264556	2.2802584	2.7022076	0	0	2.5683172	0	1.1213487	1.1893479	4.4987063	0	3.748748	0	3.9276128	0	2.0360827	0	0	2.0145962	0.18468747	0	0	0.3918022	0	5.3222294	3.1497068	2.8149593	4.9205065	0	0.83191156	0	2.0220222	1.9958565	1.5086176	2.4343796	0	0	0	0	0	0	0	0	5.250922	0.8297851	0	2.8422236	0	3.2203636	0	5.384858	3.9728472	0	0	0	1.5772796	0.6263597	0.50217927	3.4107578	0.5730578	2.1872842	0.15547979	0	3.140071	4.412412	0	0	0	5.6314654	1.338156	4.1881723	0	0.14445478	0	3.0671473	0	0	6.532903	0	0	0	2.2858632	4.5888042	5.1997814	3.689791	0	2.3403478	0.40893206	0	1.1842837	10.180695	0	0	4.482193	2.1836026	1.1297076	2.781004	0	2.6258948	0	0	4.4113784	0.7183621	1.9899328	2.6079159	3.680077	0.3826325	4.4013324	2.4840362	1.3833401	0	0.79927194	0	0	3.0472364	1.7626544	3.9013348	0	0	0	2.298353	2.8449602	0	0.70028144	0	2.1439314	0	0.8759839	1.044905	0	0	4.0916085	1.349846	0.34535134	4.6456227	0	0	3.6515412	0	1.3246567	0	0
