label	TSNE_1	TSNE_2
STOMACH 	70.079216	-26.620794
CENTRAL_NERVOUS_SYSTEM	-42.617878	-16.157833
OVARY	-6.4038963	-11.977051
HALT	-57.50669	96.95194
KIDNEY 	-3.1321225	20.356354
KIDNEY 	-7.6109767	19.161926
CENTRAL_NERVOUS_SYSTEM	-20.203953	-24.341816
SKIN	-38.813416	-67.83487
CENTRAL_NERVOUS_SYSTEM	-13.4527025	-12.600538
CENTRAL_NERVOUS_SYSTEM	-32.325867	-17.155792
SKIN	-34.24967	-71.44248
OVARY	-5.6479635	-29.66179
SKIN	-35.535954	-70.67701
HALT	-26.154129	54.860786
LUNG	2.7564607	2.2026966
KIDNEY 	0.10242332	23.7633
HALT	-27.844442	55.605236
LUNG	45.10631	41.02223
KIDNEY 	5.6731553	22.930077
LUNG	28.28256	-9.770271
KIDNEY 	-9.675504	16.975552
STOMACH 	48.71816	-34.277233
HALT	-27.636715	94.27223
CENTRAL_NERVOUS_SYSTEM	-12.958169	-12.909253
HALT	-2.785572	102.71213
HALT	-30.920269	51.435074
PANCREAS	72.61026	-28.35954
BREAST	52.68612	11.027355
HALT	-27.590878	56.99501
HALT	-46.242893	68.99191
LUNG	27.998165	-50.04632
KIDNEY 	-14.850831	-2.5407438
UPPER_AERODIGESTIVE_TRACT	18.753038	27.346283
UPPER_AERODIGESTIVE_TRACT	15.483449	22.666512
UPPER_AERODIGESTIVE_TRACT	18.25678	-10.8304
UPPER_AERODIGESTIVE_TRACT	14.391152	21.267113
UPPER_AERODIGESTIVE_TRACT	27.42557	27.078932
UPPER_AERODIGESTIVE_TRACT	22.879944	14.187816
UPPER_AERODIGESTIVE_TRACT	14.15635	20.231272
HALT	-52.64409	85.84117
HALT	-52.908463	85.04315
BREAST	31.312132	-13.669644
BREAST	59.07878	9.867827
BREAST	65.36505	10.498906
BREAST	-11.6396675	-18.9237
HALT	-47.841774	98.27981
PANCREAS	20.198437	-6.375237
LARGE_INTESTINE	63.529976	-27.827309
SKIN	-43.340183	-73.465485
HALT	-43.011795	66.76136
HALT	-50.239647	83.389725
LARGE_INTESTINE	64.78491	-27.918621
KIDNEY 	2.4621072	19.350494
KIDNEY 	-9.732949	13.243057
BREAST	-0.48565355	-3.6905305
LUNG	21.821138	-15.072814
BREAST	60.330425	11.82522
UPPER_AERODIGESTIVE_TRACT	23.629301	24.734968
UPPER_AERODIGESTIVE_TRACT	30.146927	23.344677
BREAST	-8.3022785	8.848697
KIDNEY 	-10.144957	14.024462
BREAST	24.580803	5.1291947
LUNG	-3.3381333	-19.134209
LUNG	38.078312	12.244846
LUNG	52.87355	-27.953728
BREAST	62.978783	15.15962
OVARY	34.79459	-9.19237
OVARY	11.404809	8.589173
PANCREAS	30.72928	7.4644938
PANCREAS	32.94292	1.3143977
CENTRAL_NERVOUS_SYSTEM	-28.767778	-24.689455
CENTRAL_NERVOUS_SYSTEM	-29.207048	-20.498438
LARGE_INTESTINE	56.399906	-39.580112
PANCREAS	32.62668	5.0499964
CENTRAL_NERVOUS_SYSTEM	-9.2205105	-16.429035
LUNG	25.365934	-10.553651
HALT	-50.74908	77.59101
SKIN	21.04915	33.491116
LARGE_INTESTINE	60.299984	-38.248814
LARGE_INTESTINE	64.361565	-37.14415
LARGE_INTESTINE	64.034996	-41.652836
LARGE_INTESTINE	70.580696	-36.202988
HALT	1.6686835	84.87377
HALT	-29.717049	90.22352
LARGE_INTESTINE	73.18326	-33.54601
LARGE_INTESTINE	57.26927	-42.46398
LUNG	25.61399	-53.647594
LARGE_INTESTINE	60.497467	-36.120052
SKIN	-33.670033	-77.907585
SKIN	-32.69557	-85.04121
SKIN	-43.934456	-70.43205
SKIN	-31.9091	-86.76835
SKIN	-40.799763	-70.34067
SKIN	-38.928116	-76.01572
LUNG	18.278244	14.336762
LUNG	30.485437	-3.3134384
LUNG	18.454287	-62.861084
LUNG	14.209556	-59.806507
LUNG	38.45455	-18.357979
LUNG	18.361494	-60.823097
LUNG	23.677116	-60.32496
LUNG	20.838121	-58.333385
OVARY	13.891404	7.513939
OVARY	16.383348	3.6821942
OVARY	-8.265298	-40.134857
OVARY	18.511768	6.3719287
LARGE_INTESTINE	71.975815	-47.804688
CENTRAL_NERVOUS_SYSTEM	3.0868535	-29.07134
CENTRAL_NERVOUS_SYSTEM	2.4859912	-28.048319
PANCREAS	20.701963	-7.456614
CENTRAL_NERVOUS_SYSTEM	-18.218431	-30.77496
HALT	-51.442463	82.13165
CENTRAL_NERVOUS_SYSTEM	-6.8742013	1.0988443
HALT	-55.585777	83.77223
HALT	-16.294634	-1.6777219
UPPER_AERODIGESTIVE_TRACT	26.282223	8.18833
CENTRAL_NERVOUS_SYSTEM	-68.97698	-14.203168
FIBROBLAST 	-53.069027	-18.370384
LUNG	-15.23985	-36.61613
LUNG	24.939505	-61.16058
LUNG	5.0219026	-27.108686
LUNG	27.206139	-51.855507
LUNG	28.702702	-51.832916
LUNG	20.7043	-69.828926
HALT	-33.853836	93.78999
HALT	-55.677395	81.71934
BREAST	49.797226	-42.10519
LUNG	58.771183	-26.909468
HALT	-52.204197	74.87146
LUNG	11.955369	-28.956194
STOMACH 	63.207336	-49.48231
STOMACH 	55.20385	-51.593304
BREAST	54.798565	11.056206
BREAST	64.52357	8.50927
OVARY	-12.066309	18.165228
OVARY	10.250515	-9.933321
HALT	-49.77748	67.75801
HALT	-28.37081	48.55435
LUNG	45.896152	42.440884
HALT	-2.2898672	100.51541
HALT	-0.3987554	100.98201
LUNG	27.495777	29.789124
OVARY	-8.108209	-13.361703
HALT	8.386278	88.90178
UPPER_AERODIGESTIVE_TRACT	21.450438	-11.593655
STOMACH 	64.90895	-26.137272
OVARY	15.640854	7.4265227
SKIN	-37.384533	-90.14543
HALT	-52.105534	86.72137
CENTRAL_NERVOUS_SYSTEM	-17.209913	-19.329037
CENTRAL_NERVOUS_SYSTEM	-23.58401	-15.34517
STOMACH 	-14.095842	12.028987
HALT	-7.4361286	102.654526
CENTRAL_NERVOUS_SYSTEM	-21.715275	-23.915852
CENTRAL_NERVOUS_SYSTEM	-28.868662	-15.505597
CENTRAL_NERVOUS_SYSTEM	-28.63959	-30.170588
LARGE_INTESTINE	57.195698	-41.128063
HALT	-48.67002	70.264626
STOMACH 	46.277805	-41.55717
STOMACH 	68.394646	-43.235065
CENTRAL_NERVOUS_SYSTEM	-25.520147	-20.79314
LUNG	15.249464	38.516373
BREAST	25.679594	-18.826405
LUNG	17.114292	-28.477268
BREAST	-16.123476	-37.345577
LUNG	18.896875	-23.174877
LUNG	-8.054316	-18.55819
BREAST	-32.62438	-8.063548
BREAST	55.556637	9.097091
BREAST	67.16833	11.198548
LUNG	-9.1023035	-22.901182
BREAST	67.864845	12.584108
BREAST	49.854855	3.7715075
LUNG	69.4748	-36.2212
BREAST	14.168159	-9.985229
LUNG	8.2641325	-17.346296
BREAST	13.959873	17.709148
LUNG	29.308886	-49.37197
BREAST	28.907776	-15.94206
BREAST	53.59446	4.487578
BREAST	60.007675	8.026597
LUNG	2.3520956	-21.318615
BREAST	14.096838	-8.958723
BREAST	55.90645	7.300269
LUNG	-5.8861933	-10.575737
LUNG	24.955156	18.497643
LUNG	1.7352656	-14.83667
LUNG	21.976313	20.987883
LUNG	17.988897	-30.295504
LUNG	14.993949	-44.552013
LUNG	0.2880485	-17.438387
LUNG	3.1364973	-22.466711
BREAST	-17.810776	-40.581387
LUNG	19.089146	-32.57726
LUNG	-3.8253095	-4.7586946
LUNG	-1.551969	-17.797718
LUNG	46.520966	39.5989
LARGE_INTESTINE	68.927925	-38.523533
BREAST	29.584763	-17.014912
LUNG	32.614815	11.874305
LUNG	16.06751	-3.225552
LUNG	16.51039	-2.17892
LUNG	16.27537	38.39619
LARGE_INTESTINE	45.691437	-34.343292
LARGE_INTESTINE	46.214615	-33.893818
HALT	-48.760273	63.613407
HALT	-10.844284	-18.02299
BREAST	22.78087	4.3353877
KIDNEY 	-5.564932	1.6784197
HALT	-2.076457	85.112785
HALT	-1.8331817	84.988106
OVARY	-10.612724	-15.471524
STOMACH 	0.9524236	-33.90177
HALT	-43.097263	64.21263
HALT	3.732998	100.96709
FIBROBLAST 	-55.366604	-18.471647
BREAST	-1.0431205	-27.707508
SKIN	-33.853363	-73.19721
BREAST	12.679988	29.563374
HALT	-5.027684	97.30218
LUNG	-4.150343	-13.768224
LUNG	-3.4736743	-7.318802
PANCREAS	24.352322	-0.20919628
PANCREAS	71.76228	-30.379274
HALT	-33.108246	93.81214
FIBROBLAST 	-53.79336	-21.214474
FIBROBLAST 	-52.96147	-16.33779
FIBROBLAST 	-73.225784	-19.425825
FIBROBLAST 	-64.53185	-8.464865
FIBROBLAST 	-63.546307	-19.688688
SKIN	-39.0929	-67.54327
FIBROBLAST 	-65.21453	-17.478718
BREAST	-65.57374	-21.087242
FIBROBLAST 	-67.305954	-8.30838
FIBROBLAST 	-65.5266	-18.49569
HALT	-51.801	75.691154
FIBROBLAST 	-68.976944	-8.488616
FIBROBLAST 	-54.161667	-17.626204
FIBROBLAST 	-55.956226	-20.046522
CENTRAL_NERVOUS_SYSTEM	-27.274061	-21.60244
FIBROBLAST 	-63.08487	-16.739445
SKIN	-38.480255	-69.70985
FIBROBLAST 	-68.12887	-10.069624
FIBROBLAST 	-62.384117	-15.298741
FIBROBLAST 	-65.16787	-19.230679
FIBROBLAST 	-67.36366	-18.706985
STOMACH 	11.151152	-29.833256
FIBROBLAST 	-63.845127	-8.732236
PANCREAS	19.480864	-8.199736
FIBROBLAST 	-63.982548	-14.992704
FIBROBLAST 	-60.80924	-16.217356
FIBROBLAST 	-64.56716	-14.919382
FIBROBLAST 	-68.36092	-9.266365
FIBROBLAST 	-64.626495	-11.988044
FIBROBLAST 	-54.522293	-17.028372
SKIN	-35.078114	-66.99108
FIBROBLAST 	-60.5065	-13.138364
FIBROBLAST 	-59.417553	-13.076155
FIBROBLAST 	-55.94492	-14.574096
FIBROBLAST 	-53.18299	-19.514406
FIBROBLAST 	-62.677357	-11.65543
SKIN	-36.41201	-88.80786
SKIN	-42.019726	-72.71307
FIBROBLAST 	-73.19911	-19.203178
SKIN	-33.5063	-71.0642
UPPER_AERODIGESTIVE_TRACT	16.687773	18.876999
UPPER_AERODIGESTIVE_TRACT	20.441513	32.17695
UPPER_AERODIGESTIVE_TRACT	22.214731	24.99623
LARGE_INTESTINE	64.3567	-39.70468
SKIN	-39.470062	-70.87381
LARGE_INTESTINE	62.06414	-34.087654
LARGE_INTESTINE	71.69237	-41.2327
HALT	-56.891224	77.398994
STOMACH 	69.363495	-23.29031
HALT	-45.72877	67.82769
PANCREAS	27.232454	1.3304368
PANCREAS	29.601086	6.0197453
HALT	-45.8452	62.955185
HALT	-41.9645	74.53285
LUNG	15.194589	-22.835178
SKIN	-33.366276	-84.698586
SKIN	-36.20718	-89.64429
SKIN	-22.927511	-20.333885
OVARY	-6.61109	7.4915047
STOMACH 	59.305676	-29.039694
HALT	-30.260544	49.45164
CENTRAL_NERVOUS_SYSTEM	-11.382375	-13.64525
SKIN	-32.631897	-79.469154
HALT	-48.51396	87.235504
OVARY	-11.5230465	15.325247
OVARY	12.545278	38.891872
OVARY	66.07755	-41.4189
OVARY	17.753021	2.26123
OVARY	11.5761175	3.1738908
BREAST	29.621801	-7.401815
HALT	-26.735247	40.83538
HALT	5.488052	85.17702
HALT	-45.568447	89.61097
HALT	-28.140041	87.9688
HALT	3.989958	90.19508
HALT	-50.669827	67.540886
HALT	-48.18442	67.61131
SKIN	-32.770355	-83.01992
HALT	8.565017	91.27485
CENTRAL_NERVOUS_SYSTEM	-24.275354	-17.478231
HALT	-18.631517	1.4422483
HALT	-58.16689	76.78152
HALT	-32.02117	57.55348
HALT	-2.430475	93.43737
HALT	-54.792366	98.573425
HALT	-4.8920813	99.65063
STOMACH 	79.41389	-32.61273
HALT	-1.2335696	97.58311
HALT	-28.136972	89.32137
STOMACH 	58.62177	-38.24415
HALT	-44.306618	69.7139
CENTRAL_NERVOUS_SYSTEM	-28.462038	-26.067053
HALT	-6.6758904	97.494995
HALT	-28.016634	52.086018
HALT	-18.83702	-0.7231445
LARGE_INTESTINE	54.876816	-37.097523
HALT	-46.244072	66.59019
HALT	-32.8843	54.579353
KIDNEY 	1.0936793	21.006567
KIDNEY 	-3.0482183	14.665605
KIDNEY 	0.6025521	21.655521
KIDNEY 	-6.5718017	23.73827
HALT	-35.347084	43.282402
HALT	-31.52556	56.10733
HALT	-32.0039	45.103004
HALT	-32.43591	52.165623
HALT	-29.402672	50.392204
HALT	-36.473595	49.432568
HALT	-28.81747	51.177223
HALT	-33.887135	44.769238
HALT	-34.22562	44.42425
CENTRAL_NERVOUS_SYSTEM	-27.738678	-33.527348
CENTRAL_NERVOUS_SYSTEM	-18.726002	-11.446563
LUNG	15.432904	18.477161
CENTRAL_NERVOUS_SYSTEM	-26.129284	-29.774984
HALT	-6.743007	100.53125
HALT	-49.502247	92.00674
PANCREAS	28.456211	3.3557463
PANCREAS	33.29407	3.7921317
PANCREAS	-0.49549794	-30.562271
BREAST	67.06541	9.005301
CENTRAL_NERVOUS_SYSTEM	-53.147198	-14.747159
HALT	4.5850835	86.6318
OVARY	12.382382	7.1576905
HALT	7.367105	90.42656
HALT	-49.441647	62.259884
PANCREAS	22.913754	-1.8966528
HALT	-32.8402	49.508575
HALT	-43.93364	65.49248
HALT	-47.646965	64.32046
HALT	6.3339534	88.6343
LUNG	23.30309	19.075645
LUNG	-14.1432	-7.9987946
LUNG	22.381577	-21.649843
LUNG	47.34317	-42.739826
STOMACH 	-13.44559	-22.007952
CENTRAL_NERVOUS_SYSTEM	6.048858	-37.382473
CENTRAL_NERVOUS_SYSTEM	-24.01474	-22.286623
CENTRAL_NERVOUS_SYSTEM	-35.24906	-68.93255
CENTRAL_NERVOUS_SYSTEM	-31.39013	-29.916643
CENTRAL_NERVOUS_SYSTEM	-28.837963	-34.12449
CENTRAL_NERVOUS_SYSTEM	-29.99768	-29.491474
CENTRAL_NERVOUS_SYSTEM	4.7855215	-36.839333
CENTRAL_NERVOUS_SYSTEM	12.367194	16.327518
CENTRAL_NERVOUS_SYSTEM	-51.046963	-16.449472
CENTRAL_NERVOUS_SYSTEM	-33.177227	-80.49547
CENTRAL_NERVOUS_SYSTEM	14.771933	-4.221799
HALT	-22.208706	93.413605
LUNG	-35.646835	-14.97723
LARGE_INTESTINE	63.51528	-47.9169
SKIN	-8.668635	-14.589152
HALT	-35.39995	48.606106
LARGE_INTESTINE	72.72606	-41.91117
LARGE_INTESTINE	39.63848	3.521618
LARGE_INTESTINE	63.093033	-40.896305
LARGE_INTESTINE	55.595192	-38.616623
LARGE_INTESTINE	69.06582	-37.44821
LUNG	39.21861	-7.9677696
LUNG	-4.1327224	-25.035854
LUNG	22.229336	-2.9784982
LUNG	11.454309	-15.387219
CENTRAL_NERVOUS_SYSTEM	-29.889273	-17.446016
HALT	3.867065	87.85447
SKIN	-36.21324	-83.58411
HALT	-52.895084	79.27864
OVARY	30.77201	-1.2059716
BREAST	67.9619	8.045203
BREAST	68.38648	13.777299
BREAST	-23.284554	-25.91912
BREAST	34.87897	-0.22233306
BREAST	-4.44816	-18.423258
BREAST	60.022663	10.354485
BREAST	30.418377	2.5884657
SKIN	-32.205173	-70.419815
BREAST	8.64236	-11.625808
BREAST	61.796127	15.03902
BREAST	31.888317	-12.849227
LARGE_INTESTINE	-14.221628	-15.664693
HALT	-8.252716	100.073814
HALT	-46.769005	69.46139
HALT	5.437012	87.79786
SKIN	-32.783966	-82.08735
SKIN	-37.66213	-71.553825
SKIN	-35.0436	-86.95294
HALT	-51.75951	100.73686
HALT	-55.316017	99.55709
HALT	-52.58266	98.124535
PANCREAS	2.4624896	-4.839483
HALT	-49.840652	87.99561
HALT	-43.80239	63.23482
STOMACH 	5.5448513	-15.28108
STOMACH 	53.766926	-28.77807
STOMACH 	20.598621	-16.236063
STOMACH 	51.354794	5.1402335
HALT	-26.343534	42.01706
HALT	0.17252854	102.82141
HALT	1.8071659	88.36245
HALT	-5.432159	100.52601
HALT	-26.909761	50.54946
HALT	-29.49677	53.72257
HALT	-25.124344	92.96177
HALT	-41.02984	75.41308
HALT	-27.498919	91.27557
HALT	-1.17884	107.58533
HALT	-1.6281614	109.346115
LUNG	8.187448	-1.6277857
HALT	-6.8226213	104.44369
HALT	-50.3586	97.07004
HALT	1.1476924	102.14123
HALT	-52.783154	99.946
HALT	-51.790054	97.70169
HALT	-51.9446	95.56769
HALT	-50.863255	86.584274
HALT	1.4336337	99.2214
STOMACH 	43.934593	-3.4992666
LUNG	9.580307	-72.0872
LUNG	18.530663	-65.7431
LUNG	20.585512	-68.399
LUNG	6.595281	-38.753704
LUNG	22.721195	-68.24443
LUNG	-2.396139	-27.331892
LUNG	-17.729515	-25.690933
LUNG	5.5405226	-39.615
LUNG	43.583767	42.10549
LUNG	14.682221	-25.257046
LUNG	24.702526	-49.20792
LUNG	15.799251	16.492153
LUNG	54.9736	-32.67951
LUNG	20.667192	-65.69942
LUNG	44.826523	36.523846
LUNG	14.04441	-66.54179
LUNG	5.5157447	-12.249748
LUNG	26.699854	-13.004662
LUNG	20.641245	-2.8778615
LUNG	-6.0069304	-41.339855
LUNG	21.698757	-67.10038
LUNG	23.070179	-4.5538926
LUNG	35.11123	17.771759
LUNG	25.50452	-15.10266
LUNG	-23.510363	-10.163809
LUNG	22.841225	13.98332
LUNG	0.87074673	8.15508
LUNG	16.10323	-64.10724
LUNG	-3.4508352	-28.100311
LUNG	8.1204195	-35.94034
LUNG	1.685423	-12.269446
LUNG	20.45932	-31.919537
LUNG	2.869229	-16.67213
LUNG	13.7981	38.60199
LUNG	0.9152374	9.262692
LUNG	21.10923	-60.74518
LUNG	19.073385	-27.265795
LUNG	25.413122	3.1438012
LUNG	23.352373	-66.30591
LUNG	-2.2835362	-48.135445
LUNG	17.91982	-56.496433
LUNG	44.87943	39.560078
LUNG	19.599077	-64.89679
LUNG	-29.487322	-12.625835
LUNG	1.5832223	-16.249483
LUNG	14.701046	-26.857744
LUNG	44.441284	40.673122
LUNG	23.13619	-59.202854
LUNG	42.420868	40.591133
LUNG	54.66514	-50.353462
LUNG	17.831654	15.844723
LUNG	-6.669963	-39.912354
LUNG	17.64998	-60.836353
LUNG	13.385233	-14.579182
LUNG	19.755772	-24.67105
LUNG	21.093008	-64.163765
LUNG	17.25331	-66.83779
LUNG	29.286057	11.798122
LUNG	42.794025	-32.893955
LUNG	44.89443	37.872726
LUNG	44.634304	32.18754
LUNG	52.701023	5.751912
LUNG	15.178139	-61.647385
LUNG	7.776927	-14.1772375
LUNG	22.450256	-61.620144
LUNG	16.855202	-57.891167
LUNG	17.671425	-33.567406
LUNG	-10.909975	-10.144031
LUNG	-1.9069337	-32.912518
LUNG	23.615725	-27.816195
LUNG	27.272924	-10.633523
LUNG	24.188412	-27.617788
LUNG	-0.9096688	-31.946095
LUNG	8.36747	-21.94815
LUNG	31.243362	19.09564
LUNG	-0.6828851	-15.161272
LUNG	33.749275	-3.677931
LUNG	23.375488	7.8326306
LUNG	17.10665	-24.416824
LUNG	23.87264	-14.541473
LUNG	22.303543	-29.01677
LUNG	15.988538	-25.405676
LUNG	21.843386	-25.66639
LUNG	-34.391933	-31.91511
LUNG	3.4830265	-4.4432554
LARGE_INTESTINE	68.142555	-35.434067
LUNG	24.538515	-55.675747
LUNG	47.264458	-43.282337
LUNG	-8.057375	-34.62949
LUNG	-16.880861	-26.494333
LUNG	38.93034	-19.630503
LUNG	27.115992	21.934795
LUNG	-7.368123	-7.095116
LUNG	-0.23964143	-24.707754
LUNG	-7.9087806	-36.74301
LUNG	10.381307	-71.14472
LARGE_INTESTINE	79.29421	-30.567217
LUNG	55.932213	-48.994205
LARGE_INTESTINE	40.828995	2.7242296
LUNG	53.17368	-50.26322
LUNG	14.750992	-43.411602
LUNG	0.9533648	-1.6950047
LUNG	-8.116955	-33.292194
LUNG	69.06554	-31.103455
LUNG	20.288319	-60.345615
HALT	-29.808462	47.487976
STOMACH 	51.428547	7.0917144
HALT	7.918579	86.617874
CENTRAL_NERVOUS_SYSTEM	-49.527306	-12.424089
OVARY	7.2843695	6.999311
CENTRAL_NERVOUS_SYSTEM	-25.053247	-28.502958
HALT	-0.38369972	105.47423
HALT	-47.90617	74.8087
HALT	-50.252975	89.32073
STOMACH 	24.997698	28.830221
STOMACH 	58.26302	-25.505533
STOMACH 	61.61442	-32.70957
OVARY	10.952936	1.9781696
OVARY	-5.406334	7.558274
OVARY	10.137157	-8.781374
HALT	3.0694778	107.340256
HALT	3.130281	103.22624
HALT	-5.2452316	102.703735
HALT	-52.649147	93.815994
HALT	-46.450085	71.22527
HALT	9.940346	88.58733
HALT	-24.777761	40.75791
HALT	-27.427174	52.367958
STOMACH 	71.816055	-34.228287
OVARY	-4.6238036	1.8972384
OVARY	7.5406528	7.0298686
CENTRAL_NERVOUS_SYSTEM	11.233562	15.508116
HALT	-36.453773	45.61284
HALT	-35.702568	45.817825
KIDNEY 	-5.330857	22.6889
LARGE_INTESTINE	63.88668	-31.752495
OVARY	38.42542	22.739481
OVARY	0.77688843	-19.290579
OVARY	65.790016	-28.213514
OVARY	13.322785	3.8121958
OVARY	-2.144605	-21.844063
OVARY	20.933695	4.104603
OVARY	11.737138	-10.6022005
OVARY	10.147485	9.203613
OVARY	6.379372	19.925728
OVARY	13.736218	8.867567
OVARY	3.9342968	20.389261
HALT	-27.527843	89.96598
HALT	-4.0042143	105.08323
HALT	-52.900234	81.356995
PANCREAS	28.539877	1.9834454
PANCREAS	33.100258	21.447462
PANCREAS	26.664545	4.127478
PANCREAS	34.39227	1.1896092
PANCREAS	35.610954	5.9430285
PANCREAS	36.66531	6.915096
PANCREAS	29.791899	0.08526702
PANCREAS	8.400045	-23.755001
PANCREAS	27.785473	-1.5388899
PANCREAS	71.40755	-26.653172
PANCREAS	-5.3130116	-23.048672
LUNG	27.86095	-7.2369323
LUNG	27.751125	-6.5474234
UPPER_AERODIGESTIVE_TRACT	30.797888	12.095396
UPPER_AERODIGESTIVE_TRACT	25.205341	26.210072
UPPER_AERODIGESTIVE_TRACT	15.601465	20.053898
UPPER_AERODIGESTIVE_TRACT	25.666319	27.505524
HALT	-26.191374	91.89385
HALT	-26.644989	88.47803
HALT	-49.603203	81.00756
PANCREAS	21.47835	-8.826272
PANCREAS	-2.2373865	-9.533336
PANCREAS	38.060555	4.7628193
HALT	-1.976068	104.10634
HALT	3.7445567	99.94545
PANCREAS	-8.247972	-6.360097
PANCREAS	26.212248	-49.10435
HALT	-52.178276	79.667534
KIDNEY 	-2.960324	25.096018
HALT	-57.170208	97.12605
LARGE_INTESTINE	69.01604	-33.0981
HALT	-49.35992	77.25065
HALT	-50.674503	98.736
STOMACH 	-9.506592	-26.016415
LUNG	23.217007	-25.126032
LUNG	26.661238	5.469652
LUNG	-7.3785768	-23.243692
LUNG	44.60621	31.56841
LUNG	6.290061	-13.670299
LUNG	-34.780155	-19.29193
HALT	-54.782814	86.867775
LARGE_INTESTINE	-4.8653097	-3.7614074
HALT	-56.362152	80.11387
OVARY	5.7000623	18.703371
OVARY	26.131388	-9.37721
SKIN	-49.20932	-20.300343
HALT	-25.869686	41.61574
HALT	-24.834955	90.20287
HALT	5.7201023	101.29271
FIBROBLAST 	-57.284695	-17.876427
SKIN	-42.320328	-78.164986
LUNG	12.048263	29.887264
LUNG	-8.947684	-32.640125
UPPER_AERODIGESTIVE_TRACT	31.094107	20.341177
UPPER_AERODIGESTIVE_TRACT	16.175743	20.650911
UPPER_AERODIGESTIVE_TRACT	18.519098	26.214836
UPPER_AERODIGESTIVE_TRACT	14.993209	24.577868
LUNG	15.307355	-61.072018
HALT	-1.8459392	110.14679
HALT	2.4930208	86.003105
CENTRAL_NERVOUS_SYSTEM	-31.030214	-17.918743
CENTRAL_NERVOUS_SYSTEM	27.369633	-4.903772
CENTRAL_NERVOUS_SYSTEM	-5.0377126	-17.015213
CENTRAL_NERVOUS_SYSTEM	-26.36268	-22.493687
CENTRAL_NERVOUS_SYSTEM	-33.554142	-22.884914
STOMACH 	-2.2879062	-13.499505
SKIN	-37.123547	-86.06164
LUNG	25.29008	-51.35896
HALT	1.9874218	99.89276
BREAST	53.24941	10.991896
LARGE_INTESTINE	72.98838	-37.347492
LUNG	10.326794	-5.220281
HALT	-1.1873876	102.50748
SKIN	-30.24846	-80.62174
SKIN	-41.101826	-66.42747
SKIN	-34.74543	-80.99206
SKIN	-35.650433	-86.04838
SKIN	-41.31631	-67.673035
SKIN	-30.52287	-84.48912
SKIN	-34.944923	-85.29878
LUNG	12.238281	-24.13887
HALT	-24.844662	51.85204
HALT	-2.0530062	93.21704
OVARY	-7.2085385	6.13057
KIDNEY 	7.029174	-7.481824
KIDNEY 	-1.9302975	-50.517757
KIDNEY 	-12.896182	12.602063
KIDNEY 	-1.4372833	12.934708
KIDNEY 	3.1113482	22.021105
KIDNEY 	37.86267	0.13957189
KIDNEY 	-4.002082	18.65258
CENTRAL_NERVOUS_SYSTEM	-32.58728	-8.858664
LARGE_INTESTINE	66.3757	-32.080242
LARGE_INTESTINE	61.09289	-42.61567
UPPER_AERODIGESTIVE_TRACT	26.105085	25.373077
UPPER_AERODIGESTIVE_TRACT	26.99746	23.758642
UPPER_AERODIGESTIVE_TRACT	30.696411	12.6832075
CENTRAL_NERVOUS_SYSTEM	-36.432087	-20.221783
LARGE_INTESTINE	35.898296	2.2052517
OVARY	13.277797	2.357357
UPPER_AERODIGESTIVE_TRACT	20.457756	22.129124
KIDNEY 	-4.1693625	21.243015
STOMACH 	78.73368	-31.706764
LARGE_INTESTINE	64.970406	-47.625576
STOMACH 	2.962327	-8.014363
CENTRAL_NERVOUS_SYSTEM	-37.237534	-20.911364
PANCREAS	32.72649	6.7718244
STOMACH 	37.954983	-17.137615
LARGE_INTESTINE	66.44434	-38.78521
PANCREAS	20.707972	-33.792
KIDNEY 	-1.673271	24.567236
LARGE_INTESTINE	74.86832	-37.975323
PANCREAS	-2.783719	-8.573303
CENTRAL_NERVOUS_SYSTEM	-41.54415	-64.97497
UPPER_AERODIGESTIVE_TRACT	-8.232708	-27.143967
CENTRAL_NERVOUS_SYSTEM	-31.751453	-22.28803
LARGE_INTESTINE	23.879501	18.972532
STOMACH 	58.17977	-30.24378
STOMACH 	34.61683	-4.7633066
STOMACH 	56.54494	-32.59701
LARGE_INTESTINE	64.291534	-33.61663
STOMACH 	57.442204	-34.186947
CENTRAL_NERVOUS_SYSTEM	-24.696877	-23.734392
STOMACH 	5.1694107	-11.039548
STOMACH 	-1.5469986	-51.894997
CENTRAL_NERVOUS_SYSTEM	0.5317981	-11.517256
LARGE_INTESTINE	63.580406	-43.240948
OVARY	21.070803	8.979272
UPPER_AERODIGESTIVE_TRACT	33.147427	19.849766
OVARY	15.74859	5.3143687
LARGE_INTESTINE	69.159645	-40.896416
LARGE_INTESTINE	42.493908	-3.017106
LARGE_INTESTINE	72.32999	-47.98418
LARGE_INTESTINE	41.211205	-2.435567
LUNG	26.362122	-27.480062
HALT	-19.838621	1.075903
HALT	-52.519966	88.22548
PANCREAS	31.409538	17.86014
HALT	-59.17659	81.60716
HALT	-17.96015	-1.4724212
HALT	-56.401245	81.39539
HALT	-55.866814	77.80768
HALT	-53.777893	82.901665
HALT	-51.610447	90.42245
PANCREAS	73.76736	-24.107376
HALT	-52.822906	97.304726
HALT	-19.676165	0.13955198
HALT	-30.625124	87.96838
HALT	-31.72479	93.96982
CENTRAL_NERVOUS_SYSTEM	-36.521446	-16.294853
LARGE_INTESTINE	66.75765	-33.388416
LUNG	-4.8234344	-21.516098
LARGE_INTESTINE	61.32889	-39.636425
LARGE_INTESTINE	67.222824	-37.778023
LUNG	-5.567623	-19.35395
CENTRAL_NERVOUS_SYSTEM	-34.239876	-27.009127
PANCREAS	0.8727164	-3.444244
LARGE_INTESTINE	70.580185	-38.98715
LARGE_INTESTINE	11.6176405	20.363
LARGE_INTESTINE	54.11468	-39.24233
LARGE_INTESTINE	51.004837	-40.967064
LARGE_INTESTINE	46.96522	-32.545452
LUNG	17.397457	-26.756441
LARGE_INTESTINE	67.73155	-40.072002
FIBROBLAST 	-63.334732	-10.85718
LUNG	4.738247	-18.475264
PANCREAS	22.096464	-9.78269
BREAST	65.98626	10.038317
LARGE_INTESTINE	64.51951	-34.870457
CENTRAL_NERVOUS_SYSTEM	-28.506075	-21.95863
HALT	-28.35718	92.203865
PANCREAS	72.735695	-25.391586
FIBROBLAST 	-68.24792	-12.694751
FIBROBLAST 	-65.91461	-12.112415
HALT	3.4160116	88.093735
STOMACH 	62.09571	-47.427734
HALT	2.220683	106.377655
FIBROBLAST 	-50.411297	-13.278716
CENTRAL_NERVOUS_SYSTEM	-25.199709	-14.488894
FIBROBLAST 	-66.24187	-6.502012
HALT	-45.212387	89.833626
OVARY	-5.525191	-39.382683
OVARY	-8.753441	10.492526
KIDNEY 	-7.139868	21.072117
KIDNEY 	-7.870107	14.094353
KIDNEY 	-5.1391726	21.353281
OVARY	7.0430984	-1.3896962
CENTRAL_NERVOUS_SYSTEM	-20.815437	-18.864408
CENTRAL_NERVOUS_SYSTEM	-31.850239	-19.345686
CENTRAL_NERVOUS_SYSTEM	-33.76323	-29.647581
HALT	-26.845665	47.12084
CENTRAL_NERVOUS_SYSTEM	-30.618341	-24.754055
CENTRAL_NERVOUS_SYSTEM	-19.83598	-19.816395
HALT	1.2607012	103.88662
SKIN	-30.87122	-82.97947
SKIN	-34.134438	-76.36335
BREAST	55.576164	12.375766
BREAST	53.15347	12.827692
KIDNEY 	-10.444605	16.84361
KIDNEY 	-2.057456	-50.026283
KIDNEY 	1.2026125	25.01274
KIDNEY 	-3.387575	15.179226
SKIN	-43.537346	-68.11628
SKIN	-41.61164	-73.90883
SKIN	-42.418102	-69.88168
SKIN	-27.060587	-19.085876
SKIN	-41.956146	-77.45034
SKIN	-39.81675	-72.32292
HALT	-58.045895	81.66191
PANCREAS	34.858486	7.439369
UPPER_AERODIGESTIVE_TRACT	18.668734	21.380941
UPPER_AERODIGESTIVE_TRACT	21.412746	30.853664
UPPER_AERODIGESTIVE_TRACT	-31.701279	-14.864239
CENTRAL_NERVOUS_SYSTEM	-61.6474	-9.836159
CENTRAL_NERVOUS_SYSTEM	-27.010778	-24.318045
BREAST	64.03713	16.224817
BREAST	58.140537	8.895179
